Epoch,Method,Dimension,Train_BPR_Loss,Valid_Recall10,Valid_Recall20,Valid_NDCG10,Valid_NDCG20,Train_Time_Seconds,GPU_Memory_MB
0,★ STAIR DCD-Gated,64D,-,0.0229,0.0344,0.0123,0.0152,-,1328
1,★ STAIR DCD-Gated,64D,0.63469,-,-,-,-,5.44,1328
2,★ STAIR DCD-Gated,64D,0.63456,-,-,-,-,4.40,1328
3,★ STAIR DCD-Gated,64D,0.63339,-,-,-,-,4.35,1328
4,★ STAIR DCD-Gated,64D,0.63115,-,-,-,-,4.36,1328
5,★ STAIR DCD-Gated,64D,0.62735,0.0288,0.0432,0.0158,0.0195,4.37,1328
6,★ STAIR DCD-Gated,64D,0.62216,-,-,-,-,4.42,1328
7,★ STAIR DCD-Gated,64D,0.61501,-,-,-,-,4.36,1328
8,★ STAIR DCD-Gated,64D,0.60542,-,-,-,-,4.42,1328
9,★ STAIR DCD-Gated,64D,0.59275,-,-,-,-,4.38,1328
10,★ STAIR DCD-Gated,64D,0.5759,0.0453,0.0693,0.0248,0.0309,4.36,1328
11,★ STAIR DCD-Gated,64D,0.55454,-,-,-,-,4.44,1328
12,★ STAIR DCD-Gated,64D,0.52976,-,-,-,-,4.42,1328
13,★ STAIR DCD-Gated,64D,0.50322,-,-,-,-,5.94,1328
14,★ STAIR DCD-Gated,64D,0.47752,-,-,-,-,4.36,1328
15,★ STAIR DCD-Gated,64D,0.45325,0.0536,0.084,0.0286,0.0363,4.31,1328
16,★ STAIR DCD-Gated,64D,0.43215,-,-,-,-,4.38,1328
17,★ STAIR DCD-Gated,64D,0.41466,-,-,-,-,4.39,1328
18,★ STAIR DCD-Gated,64D,0.40002,-,-,-,-,4.42,1328
19,★ STAIR DCD-Gated,64D,0.38792,-,-,-,-,4.36,1328
20,★ STAIR DCD-Gated,64D,0.37734,0.0562,0.0863,0.0299,0.0376,4.39,1328
21,★ STAIR DCD-Gated,64D,0.36931,-,-,-,-,4.33,1328
22,★ STAIR DCD-Gated,64D,0.36166,-,-,-,-,4.39,1328
23,★ STAIR DCD-Gated,64D,0.35603,-,-,-,-,4.41,1328
24,★ STAIR DCD-Gated,64D,0.35001,-,-,-,-,4.36,1328
25,★ STAIR DCD-Gated,64D,0.34627,0.0575,0.0883,0.0306,0.0384,4.35,1328
26,★ STAIR DCD-Gated,64D,0.34101,-,-,-,-,4.37,1328
27,★ STAIR DCD-Gated,64D,0.33747,-,-,-,-,4.33,1328
28,★ STAIR DCD-Gated,64D,0.33465,-,-,-,-,4.33,1328
29,★ STAIR DCD-Gated,64D,0.33201,-,-,-,-,4.35,1328
30,★ STAIR DCD-Gated,64D,0.32849,0.0589,0.0904,0.0315,0.0395,4.36,1328
31,★ STAIR DCD-Gated,64D,0.32644,-,-,-,-,4.43,1328
32,★ STAIR DCD-Gated,64D,0.32457,-,-,-,-,4.42,1328
33,★ STAIR DCD-Gated,64D,0.32254,-,-,-,-,4.40,1328
34,★ STAIR DCD-Gated,64D,0.32095,-,-,-,-,4.29,1328
35,★ STAIR DCD-Gated,64D,0.31992,0.0599,0.0919,0.0318,0.0399,4.29,1328
36,★ STAIR DCD-Gated,64D,0.31853,-,-,-,-,4.37,1328
37,★ STAIR DCD-Gated,64D,0.31765,-,-,-,-,4.33,1328
38,★ STAIR DCD-Gated,64D,0.31619,-,-,-,-,4.39,1328
39,★ STAIR DCD-Gated,64D,0.31517,-,-,-,-,4.36,1328
40,★ STAIR DCD-Gated,64D,0.3151,0.0599,0.0938,0.032,0.0406,4.38,1328
41,★ STAIR DCD-Gated,64D,0.3146,-,-,-,-,4.44,1328
42,★ STAIR DCD-Gated,64D,0.31396,-,-,-,-,4.50,1328
43,★ STAIR DCD-Gated,64D,0.3129,-,-,-,-,4.52,1328
44,★ STAIR DCD-Gated,64D,0.31262,-,-,-,-,4.38,1328
45,★ STAIR DCD-Gated,64D,0.3121,0.0608,0.0949,0.0322,0.0409,4.41,1328
46,★ STAIR DCD-Gated,64D,0.31148,-,-,-,-,4.99,1328
47,★ STAIR DCD-Gated,64D,0.31184,-,-,-,-,4.43,1328
48,★ STAIR DCD-Gated,64D,0.31205,-,-,-,-,4.38,1328
49,★ STAIR DCD-Gated,64D,0.31149,-,-,-,-,4.44,1328
50,★ STAIR DCD-Gated,64D,0.31179,0.0609,0.0947,0.0326,0.0412,4.37,1328
51,★ STAIR DCD-Gated,64D,0.31037,-,-,-,-,4.46,1328
52,★ STAIR DCD-Gated,64D,0.30936,-,-,-,-,4.37,1328
53,★ STAIR DCD-Gated,64D,0.3086,-,-,-,-,4.38,1328
54,★ STAIR DCD-Gated,64D,0.30703,-,-,-,-,4.26,1328
55,★ STAIR DCD-Gated,64D,0.30641,0.062,0.0954,0.0329,0.0413,4.29,1328
56,★ STAIR DCD-Gated,64D,0.30533,-,-,-,-,4.41,1328
57,★ STAIR DCD-Gated,64D,0.30498,-,-,-,-,4.31,1328
58,★ STAIR DCD-Gated,64D,0.3036,-,-,-,-,4.41,1328
59,★ STAIR DCD-Gated,64D,0.30278,-,-,-,-,4.36,1328
60,★ STAIR DCD-Gated,64D,0.30256,0.0623,0.0954,0.033,0.0415,4.38,1328
61,★ STAIR DCD-Gated,64D,0.30259,-,-,-,-,4.36,1328
62,★ STAIR DCD-Gated,64D,0.30142,-,-,-,-,4.34,1328
63,★ STAIR DCD-Gated,64D,0.30128,-,-,-,-,4.37,1328
64,★ STAIR DCD-Gated,64D,0.29994,-,-,-,-,4.36,1328
65,★ STAIR DCD-Gated,64D,0.29955,0.0632,0.0969,0.0332,0.0417,4.40,1328
66,★ STAIR DCD-Gated,64D,0.29924,-,-,-,-,4.42,1328
67,★ STAIR DCD-Gated,64D,0.2984,-,-,-,-,4.33,1328
68,★ STAIR DCD-Gated,64D,0.29794,-,-,-,-,4.35,1328
69,★ STAIR DCD-Gated,64D,0.29752,-,-,-,-,4.35,1328
70,★ STAIR DCD-Gated,64D,0.2974,0.0626,0.0966,0.0333,0.0419,4.35,1328
71,★ STAIR DCD-Gated,64D,0.29701,-,-,-,-,4.50,1328
72,★ STAIR DCD-Gated,64D,0.29573,-,-,-,-,4.38,1328
73,★ STAIR DCD-Gated,64D,0.29557,-,-,-,-,4.43,1328
74,★ STAIR DCD-Gated,64D,0.29536,-,-,-,-,4.30,1328
75,★ STAIR DCD-Gated,64D,0.29473,0.0619,0.0973,0.0332,0.0422,4.33,1328
76,★ STAIR DCD-Gated,64D,0.29402,-,-,-,-,4.34,1328
77,★ STAIR DCD-Gated,64D,0.2934,-,-,-,-,4.35,1328
78,★ STAIR DCD-Gated,64D,0.29362,-,-,-,-,4.36,1328
79,★ STAIR DCD-Gated,64D,0.29356,-,-,-,-,5.08,1328
80,★ STAIR DCD-Gated,64D,0.2934,0.0628,0.0974,0.0334,0.0422,4.83,1328
81,★ STAIR DCD-Gated,64D,0.2924,-,-,-,-,4.32,1328
82,★ STAIR DCD-Gated,64D,0.29167,-,-,-,-,4.39,1328
83,★ STAIR DCD-Gated,64D,0.29151,-,-,-,-,4.37,1328
84,★ STAIR DCD-Gated,64D,0.292,-,-,-,-,4.36,1328
85,★ STAIR DCD-Gated,64D,0.29149,0.0627,0.0981,0.0334,0.0424,4.33,1328
86,★ STAIR DCD-Gated,64D,0.29157,-,-,-,-,4.39,1328
87,★ STAIR DCD-Gated,64D,0.29144,-,-,-,-,4.39,1328
88,★ STAIR DCD-Gated,64D,0.29022,-,-,-,-,4.38,1328
89,★ STAIR DCD-Gated,64D,0.29029,-,-,-,-,4.33,1328
90,★ STAIR DCD-Gated,64D,0.29011,0.0616,0.0984,0.033,0.0424,4.38,1328
91,★ STAIR DCD-Gated,64D,0.28987,-,-,-,-,4.43,1328
92,★ STAIR DCD-Gated,64D,0.28976,-,-,-,-,4.35,1328
93,★ STAIR DCD-Gated,64D,0.29001,-,-,-,-,4.37,1328
94,★ STAIR DCD-Gated,64D,0.28854,-,-,-,-,4.30,1328
95,★ STAIR DCD-Gated,64D,0.28877,0.0622,0.0986,0.0332,0.0424,4.31,1328
96,★ STAIR DCD-Gated,64D,0.28944,-,-,-,-,4.33,1328
97,★ STAIR DCD-Gated,64D,0.28875,-,-,-,-,4.35,1328
98,★ STAIR DCD-Gated,64D,0.28846,-,-,-,-,4.37,1328
99,★ STAIR DCD-Gated,64D,0.28829,-,-,-,-,4.36,1328
100,★ STAIR DCD-Gated,64D,0.28833,0.063,0.0987,0.0335,0.0426,4.33,1328
101,★ STAIR DCD-Gated,64D,0.28765,-,-,-,-,4.41,1328
102,★ STAIR DCD-Gated,64D,0.28723,-,-,-,-,4.36,1328
103,★ STAIR DCD-Gated,64D,0.28729,-,-,-,-,4.37,1328
104,★ STAIR DCD-Gated,64D,0.28736,-,-,-,-,4.41,1328
105,★ STAIR DCD-Gated,64D,0.28741,0.0633,0.0978,0.0335,0.0422,4.36,1328
106,★ STAIR DCD-Gated,64D,0.28698,-,-,-,-,4.39,1328
107,★ STAIR DCD-Gated,64D,0.28707,-,-,-,-,4.36,1328
108,★ STAIR DCD-Gated,64D,0.2869,-,-,-,-,4.39,1328
109,★ STAIR DCD-Gated,64D,0.28692,-,-,-,-,4.45,1328
110,★ STAIR DCD-Gated,64D,0.2866,0.0627,0.0978,0.0333,0.0422,4.44,1328
111,★ STAIR DCD-Gated,64D,0.28615,-,-,-,-,4.53,1328
112,★ STAIR DCD-Gated,64D,0.28624,-,-,-,-,4.46,1328
113,★ STAIR DCD-Gated,64D,0.28599,-,-,-,-,5.48,1328
114,★ STAIR DCD-Gated,64D,0.28545,-,-,-,-,4.36,1328
115,★ STAIR DCD-Gated,64D,0.2859,0.0626,0.0973,0.0332,0.0421,4.32,1328
116,★ STAIR DCD-Gated,64D,0.2858,-,-,-,-,4.39,1328
117,★ STAIR DCD-Gated,64D,0.28573,-,-,-,-,4.40,1328
118,★ STAIR DCD-Gated,64D,0.28546,-,-,-,-,4.32,1328
119,★ STAIR DCD-Gated,64D,0.28497,-,-,-,-,4.40,1328
120,★ STAIR DCD-Gated,64D,0.28527,0.0631,0.0985,0.0335,0.0424,4.36,1328
121,★ STAIR DCD-Gated,64D,0.28526,-,-,-,-,4.40,1328
122,★ STAIR DCD-Gated,64D,0.2848,-,-,-,-,4.32,1328
123,★ STAIR DCD-Gated,64D,0.28498,-,-,-,-,4.38,1328
124,★ STAIR DCD-Gated,64D,0.28455,-,-,-,-,4.30,1328
125,★ STAIR DCD-Gated,64D,0.28465,0.0632,0.0982,0.0334,0.0423,4.37,1328
126,★ STAIR DCD-Gated,64D,0.28462,-,-,-,-,4.36,1328
127,★ STAIR DCD-Gated,64D,0.28365,-,-,-,-,4.38,1328
128,★ STAIR DCD-Gated,64D,0.28397,-,-,-,-,4.47,1328
129,★ STAIR DCD-Gated,64D,0.28339,-,-,-,-,4.37,1328
130,★ STAIR DCD-Gated,64D,0.28348,0.0628,0.0981,0.0332,0.0422,4.39,1328
131,★ STAIR DCD-Gated,64D,0.28318,-,-,-,-,4.34,1328
132,★ STAIR DCD-Gated,64D,0.28315,-,-,-,-,4.36,1328
133,★ STAIR DCD-Gated,64D,0.28332,-,-,-,-,4.32,1328
134,★ STAIR DCD-Gated,64D,0.283,-,-,-,-,4.29,1328
135,★ STAIR DCD-Gated,64D,0.28309,0.0628,0.0974,0.0334,0.0422,4.31,1328
136,★ STAIR DCD-Gated,64D,0.28345,-,-,-,-,4.38,1328
137,★ STAIR DCD-Gated,64D,0.28184,-,-,-,-,4.38,1328
138,★ STAIR DCD-Gated,64D,0.28236,-,-,-,-,4.39,1328
139,★ STAIR DCD-Gated,64D,0.28303,-,-,-,-,4.36,1328
140,★ STAIR DCD-Gated,64D,0.28264,0.0626,0.0978,0.0333,0.0423,4.37,1328
141,★ STAIR DCD-Gated,64D,0.2827,-,-,-,-,4.36,1328
142,★ STAIR DCD-Gated,64D,0.2832,-,-,-,-,4.36,1328
143,★ STAIR DCD-Gated,64D,0.28224,-,-,-,-,4.36,1328
144,★ STAIR DCD-Gated,64D,0.28238,-,-,-,-,4.36,1328
145,★ STAIR DCD-Gated,64D,0.28235,0.0624,0.0979,0.0333,0.0423,4.37,1328
146,★ STAIR DCD-Gated,64D,0.2829,-,-,-,-,5.00,1328
147,★ STAIR DCD-Gated,64D,0.28154,-,-,-,-,4.39,1328
148,★ STAIR DCD-Gated,64D,0.28196,-,-,-,-,4.36,1328
149,★ STAIR DCD-Gated,64D,0.28134,-,-,-,-,4.33,1328
150,★ STAIR DCD-Gated,64D,0.28126,0.0616,0.0978,0.033,0.0423,4.36,1328
151,★ STAIR DCD-Gated,64D,0.28157,-,-,-,-,4.36,1328
152,★ STAIR DCD-Gated,64D,0.28166,-,-,-,-,4.33,1328
153,★ STAIR DCD-Gated,64D,0.28171,-,-,-,-,4.23,1328
154,★ STAIR DCD-Gated,64D,0.2811,-,-,-,-,4.36,1328
155,★ STAIR DCD-Gated,64D,0.28153,0.0625,0.0974,0.0334,0.0422,4.35,1328
156,★ STAIR DCD-Gated,64D,0.28188,-,-,-,-,4.32,1328
157,★ STAIR DCD-Gated,64D,0.28194,-,-,-,-,4.37,1328
158,★ STAIR DCD-Gated,64D,0.28131,-,-,-,-,4.40,1328
159,★ STAIR DCD-Gated,64D,0.28103,-,-,-,-,4.37,1328
160,★ STAIR DCD-Gated,64D,0.28124,0.0623,0.0972,0.0332,0.0421,4.35,1328
161,★ STAIR DCD-Gated,64D,0.28166,-,-,-,-,4.37,1328
162,★ STAIR DCD-Gated,64D,0.28232,-,-,-,-,4.39,1328
163,★ STAIR DCD-Gated,64D,0.28044,-,-,-,-,4.39,1328
164,★ STAIR DCD-Gated,64D,0.28136,-,-,-,-,4.39,1328
165,★ STAIR DCD-Gated,64D,0.28069,0.0619,0.097,0.0332,0.0421,4.36,1328
166,★ STAIR DCD-Gated,64D,0.28102,-,-,-,-,4.35,1328
167,★ STAIR DCD-Gated,64D,0.28087,-,-,-,-,4.39,1328
168,★ STAIR DCD-Gated,64D,0.28103,-,-,-,-,4.35,1328
169,★ STAIR DCD-Gated,64D,0.28109,-,-,-,-,4.39,1328
170,★ STAIR DCD-Gated,64D,0.28088,0.0614,0.0976,0.0331,0.0423,4.44,1328
171,★ STAIR DCD-Gated,64D,0.28083,-,-,-,-,4.38,1328
172,★ STAIR DCD-Gated,64D,0.27987,-,-,-,-,4.37,1328
173,★ STAIR DCD-Gated,64D,0.28044,-,-,-,-,4.28,1328
174,★ STAIR DCD-Gated,64D,0.28054,-,-,-,-,4.35,1328
175,★ STAIR DCD-Gated,64D,0.2799,0.062,0.0971,0.0332,0.0421,4.37,1328
176,★ STAIR DCD-Gated,64D,0.2805,-,-,-,-,4.40,1328
177,★ STAIR DCD-Gated,64D,0.2795,-,-,-,-,4.49,1328
178,★ STAIR DCD-Gated,64D,0.27933,-,-,-,-,4.48,1328
179,★ STAIR DCD-Gated,64D,0.28032,-,-,-,-,4.79,1328
180,★ STAIR DCD-Gated,64D,0.28012,0.0619,0.0978,0.0331,0.0422,5.63,1328
181,★ STAIR DCD-Gated,64D,0.28055,-,-,-,-,4.38,1328
182,★ STAIR DCD-Gated,64D,0.27972,-,-,-,-,4.39,1328
183,★ STAIR DCD-Gated,64D,0.27956,-,-,-,-,4.41,1328
184,★ STAIR DCD-Gated,64D,0.27951,-,-,-,-,4.42,1328
185,★ STAIR DCD-Gated,64D,0.27914,0.0625,0.0978,0.0336,0.0426,4.35,1328
186,★ STAIR DCD-Gated,64D,0.28068,-,-,-,-,4.42,1328
187,★ STAIR DCD-Gated,64D,0.28006,-,-,-,-,4.37,1328
188,★ STAIR DCD-Gated,64D,0.27931,-,-,-,-,4.40,1328
189,★ STAIR DCD-Gated,64D,0.27951,-,-,-,-,4.40,1328
190,★ STAIR DCD-Gated,64D,0.27913,0.0626,0.0982,0.0336,0.0426,4.46,1328
191,★ STAIR DCD-Gated,64D,0.27965,-,-,-,-,4.39,1328
192,★ STAIR DCD-Gated,64D,0.27959,-,-,-,-,4.32,1328
193,★ STAIR DCD-Gated,64D,0.27888,-,-,-,-,4.33,1328
194,★ STAIR DCD-Gated,64D,0.27929,-,-,-,-,4.33,1328
195,★ STAIR DCD-Gated,64D,0.27902,0.0629,0.0977,0.0337,0.0426,4.37,1328
196,★ STAIR DCD-Gated,64D,0.27969,-,-,-,-,4.38,1328
197,★ STAIR DCD-Gated,64D,0.27882,-,-,-,-,4.38,1328
198,★ STAIR DCD-Gated,64D,0.27942,-,-,-,-,4.36,1328
199,★ STAIR DCD-Gated,64D,0.27868,-,-,-,-,4.36,1328
200,★ STAIR DCD-Gated,64D,0.27906,0.0627,0.0976,0.0337,0.0425,4.31,1328
201,★ STAIR DCD-Gated,64D,0.27912,-,-,-,-,4.34,1328
202,★ STAIR DCD-Gated,64D,0.27841,-,-,-,-,4.40,1328
203,★ STAIR DCD-Gated,64D,0.27862,-,-,-,-,4.33,1328
204,★ STAIR DCD-Gated,64D,0.27872,-,-,-,-,4.38,1328
205,★ STAIR DCD-Gated,64D,0.27858,0.0621,0.0966,0.0336,0.0424,4.34,1328
206,★ STAIR DCD-Gated,64D,0.27811,-,-,-,-,4.44,1328
207,★ STAIR DCD-Gated,64D,0.27884,-,-,-,-,4.40,1328
208,★ STAIR DCD-Gated,64D,0.27808,-,-,-,-,4.45,1328
209,★ STAIR DCD-Gated,64D,0.27819,-,-,-,-,4.42,1328
210,★ STAIR DCD-Gated,64D,0.27817,0.062,0.0967,0.0336,0.0424,4.46,1328
211,★ STAIR DCD-Gated,64D,0.27783,-,-,-,-,4.33,1328
212,★ STAIR DCD-Gated,64D,0.27841,-,-,-,-,4.37,1328
213,★ STAIR DCD-Gated,64D,0.27836,-,-,-,-,5.16,1328
214,★ STAIR DCD-Gated,64D,0.27759,-,-,-,-,4.32,1328
215,★ STAIR DCD-Gated,64D,0.2784,0.0616,0.0974,0.0336,0.0427,4.46,1328
216,★ STAIR DCD-Gated,64D,0.27822,-,-,-,-,4.38,1328
217,★ STAIR DCD-Gated,64D,0.27795,-,-,-,-,4.69,1328
218,★ STAIR DCD-Gated,64D,0.27808,-,-,-,-,4.42,1328
219,★ STAIR DCD-Gated,64D,0.27837,-,-,-,-,4.52,1328
220,★ STAIR DCD-Gated,64D,0.27803,0.0611,0.0969,0.0334,0.0425,4.41,1328
221,★ STAIR DCD-Gated,64D,0.27811,-,-,-,-,4.36,1328
222,★ STAIR DCD-Gated,64D,0.27845,-,-,-,-,4.82,1328
223,★ STAIR DCD-Gated,64D,0.27819,-,-,-,-,4.63,1328
224,★ STAIR DCD-Gated,64D,0.2782,-,-,-,-,4.43,1328
225,★ STAIR DCD-Gated,64D,0.27784,0.0619,0.0968,0.0336,0.0424,4.60,1328
226,★ STAIR DCD-Gated,64D,0.2769,-,-,-,-,4.46,1328
227,★ STAIR DCD-Gated,64D,0.27785,-,-,-,-,4.44,1328
228,★ STAIR DCD-Gated,64D,0.27748,-,-,-,-,4.41,1328
229,★ STAIR DCD-Gated,64D,0.27784,-,-,-,-,4.65,1328
230,★ STAIR DCD-Gated,64D,0.27804,0.0624,0.0967,0.0336,0.0423,4.43,1328
231,★ STAIR DCD-Gated,64D,0.27707,-,-,-,-,4.37,1328
232,★ STAIR DCD-Gated,64D,0.27665,-,-,-,-,4.31,1328
233,★ STAIR DCD-Gated,64D,0.27759,-,-,-,-,4.33,1328
234,★ STAIR DCD-Gated,64D,0.27817,-,-,-,-,4.42,1328
235,★ STAIR DCD-Gated,64D,0.27723,0.0628,0.0973,0.0337,0.0424,4.37,1328
236,★ STAIR DCD-Gated,64D,0.27736,-,-,-,-,4.41,1328
237,★ STAIR DCD-Gated,64D,0.27769,-,-,-,-,4.34,1328
238,★ STAIR DCD-Gated,64D,0.27714,-,-,-,-,4.41,1328
239,★ STAIR DCD-Gated,64D,0.27706,-,-,-,-,4.37,1328
240,★ STAIR DCD-Gated,64D,0.27707,0.0621,0.0972,0.0333,0.0423,4.38,1328
241,★ STAIR DCD-Gated,64D,0.27743,-,-,-,-,4.38,1328
242,★ STAIR DCD-Gated,64D,0.27708,-,-,-,-,4.37,1328
243,★ STAIR DCD-Gated,64D,0.27721,-,-,-,-,4.36,1328
244,★ STAIR DCD-Gated,64D,0.27652,-,-,-,-,4.48,1328
245,★ STAIR DCD-Gated,64D,0.2763,0.0626,0.0965,0.0337,0.0423,4.49,1328
246,★ STAIR DCD-Gated,64D,0.27741,-,-,-,-,5.08,1328
247,★ STAIR DCD-Gated,64D,0.27657,-,-,-,-,5.22,1328
248,★ STAIR DCD-Gated,64D,0.27738,-,-,-,-,4.40,1328
249,★ STAIR DCD-Gated,64D,0.27691,-,-,-,-,4.51,1328
250,★ STAIR DCD-Gated,64D,0.27756,0.0627,0.0975,0.0335,0.0423,4.43,1328
251,★ STAIR DCD-Gated,64D,0.27661,-,-,-,-,4.35,1328
252,★ STAIR DCD-Gated,64D,0.27739,-,-,-,-,4.31,1328
253,★ STAIR DCD-Gated,64D,0.27659,-,-,-,-,4.34,1328
254,★ STAIR DCD-Gated,64D,0.27635,-,-,-,-,4.39,1328
255,★ STAIR DCD-Gated,64D,0.27653,0.0626,0.0975,0.0334,0.0423,4.44,1328
256,★ STAIR DCD-Gated,64D,0.27612,-,-,-,-,4.35,1328
257,★ STAIR DCD-Gated,64D,0.27588,-,-,-,-,4.37,1328
258,★ STAIR DCD-Gated,64D,0.27651,-,-,-,-,4.41,1328
259,★ STAIR DCD-Gated,64D,0.27652,-,-,-,-,4.37,1328
260,★ STAIR DCD-Gated,64D,0.27624,0.0617,0.0977,0.0332,0.0423,4.36,1328
261,★ STAIR DCD-Gated,64D,0.27656,-,-,-,-,4.33,1328
262,★ STAIR DCD-Gated,64D,0.27602,-,-,-,-,4.40,1328
263,★ STAIR DCD-Gated,64D,0.27638,-,-,-,-,4.40,1328
264,★ STAIR DCD-Gated,64D,0.27649,-,-,-,-,4.37,1328
265,★ STAIR DCD-Gated,64D,0.27598,0.0622,0.0975,0.0333,0.0423,4.34,1328
266,★ STAIR DCD-Gated,64D,0.27519,-,-,-,-,4.39,1328
267,★ STAIR DCD-Gated,64D,0.27596,-,-,-,-,4.35,1328
268,★ STAIR DCD-Gated,64D,0.27519,-,-,-,-,4.33,1328
269,★ STAIR DCD-Gated,64D,0.27588,-,-,-,-,4.44,1328
270,★ STAIR DCD-Gated,64D,0.27594,0.062,0.0974,0.0334,0.0424,4.37,1328
271,★ STAIR DCD-Gated,64D,0.27573,-,-,-,-,4.30,1328
272,★ STAIR DCD-Gated,64D,0.2759,-,-,-,-,4.30,1328
273,★ STAIR DCD-Gated,64D,0.27638,-,-,-,-,4.35,1328
274,★ STAIR DCD-Gated,64D,0.2756,-,-,-,-,4.36,1328
275,★ STAIR DCD-Gated,64D,0.27594,0.0619,0.0971,0.0333,0.0423,4.41,1328
276,★ STAIR DCD-Gated,64D,0.27498,-,-,-,-,4.35,1328
277,★ STAIR DCD-Gated,64D,0.27677,-,-,-,-,4.39,1328
278,★ STAIR DCD-Gated,64D,0.27574,-,-,-,-,4.33,1328
279,★ STAIR DCD-Gated,64D,0.27556,-,-,-,-,4.59,1328
280,★ STAIR DCD-Gated,64D,0.27645,0.0619,0.0964,0.0335,0.0423,5.16,1328
281,★ STAIR DCD-Gated,64D,0.27541,-,-,-,-,4.32,1328
282,★ STAIR DCD-Gated,64D,0.27558,-,-,-,-,4.39,1328
283,★ STAIR DCD-Gated,64D,0.27591,-,-,-,-,4.39,1328
284,★ STAIR DCD-Gated,64D,0.27569,-,-,-,-,4.35,1328
285,★ STAIR DCD-Gated,64D,0.27603,0.0623,0.0969,0.0336,0.0424,4.40,1328
286,★ STAIR DCD-Gated,64D,0.27578,-,-,-,-,4.37,1328
287,★ STAIR DCD-Gated,64D,0.27532,-,-,-,-,4.39,1328
288,★ STAIR DCD-Gated,64D,0.27539,-,-,-,-,4.40,1328
289,★ STAIR DCD-Gated,64D,0.27494,-,-,-,-,4.34,1328
290,★ STAIR DCD-Gated,64D,0.27512,0.0624,0.0971,0.0336,0.0424,4.37,1328
291,★ STAIR DCD-Gated,64D,0.27468,-,-,-,-,4.28,1328
292,★ STAIR DCD-Gated,64D,0.27471,-,-,-,-,4.32,1328
293,★ STAIR DCD-Gated,64D,0.2753,-,-,-,-,4.38,1328
294,★ STAIR DCD-Gated,64D,0.27537,-,-,-,-,4.37,1328
295,★ STAIR DCD-Gated,64D,0.27522,0.062,0.0972,0.0335,0.0425,4.42,1328
296,★ STAIR DCD-Gated,64D,0.27458,-,-,-,-,4.36,1328
297,★ STAIR DCD-Gated,64D,0.27492,-,-,-,-,4.42,1328
298,★ STAIR DCD-Gated,64D,0.27514,-,-,-,-,4.44,1328
299,★ STAIR DCD-Gated,64D,0.27478,-,-,-,-,4.43,1328
300,★ STAIR DCD-Gated,64D,0.27492,0.0619,0.0967,0.0335,0.0423,4.37,1328
301,★ STAIR DCD-Gated,64D,0.27437,-,-,-,-,4.34,1328
302,★ STAIR DCD-Gated,64D,0.27482,-,-,-,-,4.37,1328
303,★ STAIR DCD-Gated,64D,0.27497,-,-,-,-,4.33,1328
304,★ STAIR DCD-Gated,64D,0.27484,-,-,-,-,4.44,1328
305,★ STAIR DCD-Gated,64D,0.27489,0.0622,0.0966,0.0335,0.0422,4.39,1328
306,★ STAIR DCD-Gated,64D,0.27433,-,-,-,-,4.43,1328
307,★ STAIR DCD-Gated,64D,0.27441,-,-,-,-,4.32,1328
308,★ STAIR DCD-Gated,64D,0.27511,-,-,-,-,4.53,1328
309,★ STAIR DCD-Gated,64D,0.27481,-,-,-,-,4.39,1328
310,★ STAIR DCD-Gated,64D,0.27544,0.0627,0.0963,0.0335,0.0421,4.42,1328
311,★ STAIR DCD-Gated,64D,0.27439,-,-,-,-,4.36,1328
312,★ STAIR DCD-Gated,64D,0.27414,-,-,-,-,4.50,1328
313,★ STAIR DCD-Gated,64D,0.2754,-,-,-,-,5.94,1328
314,★ STAIR DCD-Gated,64D,0.27487,-,-,-,-,4.45,1328
315,★ STAIR DCD-Gated,64D,0.27481,0.0629,0.0962,0.0337,0.0421,4.39,1328
316,★ STAIR DCD-Gated,64D,0.27518,-,-,-,-,4.41,1328
317,★ STAIR DCD-Gated,64D,0.27448,-,-,-,-,4.38,1328
318,★ STAIR DCD-Gated,64D,0.27384,-,-,-,-,4.38,1328
319,★ STAIR DCD-Gated,64D,0.27464,-,-,-,-,4.37,1328
320,★ STAIR DCD-Gated,64D,0.27515,0.0629,0.0961,0.0338,0.0422,4.38,1328
321,★ STAIR DCD-Gated,64D,0.2746,-,-,-,-,4.45,1328
322,★ STAIR DCD-Gated,64D,0.27477,-,-,-,-,4.38,1328
323,★ STAIR DCD-Gated,64D,0.27436,-,-,-,-,4.41,1328
324,★ STAIR DCD-Gated,64D,0.27435,-,-,-,-,4.40,1328
325,★ STAIR DCD-Gated,64D,0.27398,0.0629,0.0967,0.0338,0.0423,4.42,1328
326,★ STAIR DCD-Gated,64D,0.27388,-,-,-,-,4.37,1328
327,★ STAIR DCD-Gated,64D,0.27407,-,-,-,-,4.36,1328
328,★ STAIR DCD-Gated,64D,0.2741,-,-,-,-,4.40,1328
329,★ STAIR DCD-Gated,64D,0.27505,-,-,-,-,4.37,1328
330,★ STAIR DCD-Gated,64D,0.27457,0.0624,0.097,0.0335,0.0423,4.34,1328
331,★ STAIR DCD-Gated,64D,0.27404,-,-,-,-,4.30,1328
332,★ STAIR DCD-Gated,64D,0.274,-,-,-,-,4.31,1328
333,★ STAIR DCD-Gated,64D,0.2747,-,-,-,-,4.38,1328
334,★ STAIR DCD-Gated,64D,0.27462,-,-,-,-,4.35,1328
335,★ STAIR DCD-Gated,64D,0.27438,0.0627,0.0964,0.0336,0.0422,4.45,1328
336,★ STAIR DCD-Gated,64D,0.27412,-,-,-,-,4.42,1328
337,★ STAIR DCD-Gated,64D,0.27426,-,-,-,-,4.42,1328
338,★ STAIR DCD-Gated,64D,0.2741,-,-,-,-,4.44,1328
339,★ STAIR DCD-Gated,64D,0.27406,-,-,-,-,4.39,1328
340,★ STAIR DCD-Gated,64D,0.27335,0.0626,0.0958,0.0336,0.042,4.45,1328
341,★ STAIR DCD-Gated,64D,0.27387,-,-,-,-,4.37,1328
342,★ STAIR DCD-Gated,64D,0.27398,-,-,-,-,4.48,1328
343,★ STAIR DCD-Gated,64D,0.27349,-,-,-,-,4.34,1328
344,★ STAIR DCD-Gated,64D,0.27467,-,-,-,-,4.39,1328
345,★ STAIR DCD-Gated,64D,0.27314,0.0625,0.0963,0.0336,0.0422,4.43,1328
346,★ STAIR DCD-Gated,64D,0.27457,-,-,-,-,4.96,1328
347,★ STAIR DCD-Gated,64D,0.27406,-,-,-,-,5.18,1328
348,★ STAIR DCD-Gated,64D,0.27464,-,-,-,-,4.37,1328
349,★ STAIR DCD-Gated,64D,0.27341,-,-,-,-,4.36,1328
350,★ STAIR DCD-Gated,64D,0.27358,0.0626,0.0962,0.0337,0.0422,4.35,1328
351,★ STAIR DCD-Gated,64D,0.27314,-,-,-,-,4.34,1328
352,★ STAIR DCD-Gated,64D,0.27382,-,-,-,-,4.41,1328
353,★ STAIR DCD-Gated,64D,0.27358,-,-,-,-,4.43,1328
354,★ STAIR DCD-Gated,64D,0.27361,-,-,-,-,4.43,1328
355,★ STAIR DCD-Gated,64D,0.27349,0.0627,0.0969,0.0337,0.0423,4.45,1328
356,★ STAIR DCD-Gated,64D,0.27387,-,-,-,-,4.37,1328
357,★ STAIR DCD-Gated,64D,0.27353,-,-,-,-,4.38,1328
358,★ STAIR DCD-Gated,64D,0.27415,-,-,-,-,4.41,1328
359,★ STAIR DCD-Gated,64D,0.27363,-,-,-,-,4.37,1328
360,★ STAIR DCD-Gated,64D,0.27392,0.0623,0.0971,0.0336,0.0425,4.38,1328
361,★ STAIR DCD-Gated,64D,0.27347,-,-,-,-,4.39,1328
362,★ STAIR DCD-Gated,64D,0.27315,-,-,-,-,4.41,1328
363,★ STAIR DCD-Gated,64D,0.27339,-,-,-,-,4.35,1328
364,★ STAIR DCD-Gated,64D,0.27384,-,-,-,-,4.42,1328
365,★ STAIR DCD-Gated,64D,0.27335,0.0624,0.0972,0.0336,0.0425,4.38,1328
366,★ STAIR DCD-Gated,64D,0.27296,-,-,-,-,4.41,1328
367,★ STAIR DCD-Gated,64D,0.27298,-,-,-,-,4.50,1328
368,★ STAIR DCD-Gated,64D,0.27337,-,-,-,-,4.38,1328
369,★ STAIR DCD-Gated,64D,0.27324,-,-,-,-,4.41,1328
370,★ STAIR DCD-Gated,64D,0.27335,0.0627,0.0973,0.0337,0.0425,4.34,1328
371,★ STAIR DCD-Gated,64D,0.27358,-,-,-,-,4.35,1328
372,★ STAIR DCD-Gated,64D,0.27257,-,-,-,-,4.37,1328
373,★ STAIR DCD-Gated,64D,0.27314,-,-,-,-,4.43,1328
374,★ STAIR DCD-Gated,64D,0.27325,-,-,-,-,4.41,1328
375,★ STAIR DCD-Gated,64D,0.27268,0.0621,0.0972,0.0335,0.0424,4.40,1328
376,★ STAIR DCD-Gated,64D,0.27306,-,-,-,-,4.42,1328
377,★ STAIR DCD-Gated,64D,0.27274,-,-,-,-,4.43,1328
378,★ STAIR DCD-Gated,64D,0.27308,-,-,-,-,4.34,1328
379,★ STAIR DCD-Gated,64D,0.27247,-,-,-,-,4.81,1328
380,★ STAIR DCD-Gated,64D,0.27357,0.0623,0.0972,0.0336,0.0424,5.27,1328
381,★ STAIR DCD-Gated,64D,0.2733,-,-,-,-,4.98,1328
382,★ STAIR DCD-Gated,64D,0.27312,-,-,-,-,4.38,1328
383,★ STAIR DCD-Gated,64D,0.2735,-,-,-,-,4.38,1328
384,★ STAIR DCD-Gated,64D,0.27311,-,-,-,-,4.41,1328
385,★ STAIR DCD-Gated,64D,0.27287,0.0626,0.0968,0.0336,0.0423,4.39,1328
386,★ STAIR DCD-Gated,64D,0.27206,-,-,-,-,4.38,1328
387,★ STAIR DCD-Gated,64D,0.2722,-,-,-,-,4.55,1328
388,★ STAIR DCD-Gated,64D,0.27273,-,-,-,-,4.45,1328
389,★ STAIR DCD-Gated,64D,0.27279,-,-,-,-,4.38,1328
390,★ STAIR DCD-Gated,64D,0.27307,0.0623,0.097,0.0335,0.0423,4.36,1328
391,★ STAIR DCD-Gated,64D,0.27254,-,-,-,-,4.34,1328
392,★ STAIR DCD-Gated,64D,0.27318,-,-,-,-,4.41,1328
393,★ STAIR DCD-Gated,64D,0.27299,-,-,-,-,4.40,1328
394,★ STAIR DCD-Gated,64D,0.27254,-,-,-,-,4.40,1328
395,★ STAIR DCD-Gated,64D,0.27316,0.0621,0.0971,0.0334,0.0423,4.38,1328
396,★ STAIR DCD-Gated,64D,0.27278,-,-,-,-,4.40,1328
397,★ STAIR DCD-Gated,64D,0.27334,-,-,-,-,4.38,1328
398,★ STAIR DCD-Gated,64D,0.27297,-,-,-,-,4.36,1328
399,★ STAIR DCD-Gated,64D,0.27269,-,-,-,-,4.41,1328
400,★ STAIR DCD-Gated,64D,0.27319,0.0619,0.0972,0.0334,0.0423,4.42,1328
401,★ STAIR DCD-Gated,64D,0.27303,-,-,-,-,4.43,1328
402,★ STAIR DCD-Gated,64D,0.27338,-,-,-,-,4.40,1328
403,★ STAIR DCD-Gated,64D,0.27333,-,-,-,-,4.44,1328
404,★ STAIR DCD-Gated,64D,0.27359,-,-,-,-,4.40,1328
405,★ STAIR DCD-Gated,64D,0.27293,0.0619,0.0972,0.0334,0.0424,4.38,1328
406,★ STAIR DCD-Gated,64D,0.27263,-,-,-,-,4.38,1328
407,★ STAIR DCD-Gated,64D,0.27235,-,-,-,-,4.45,1328
408,★ STAIR DCD-Gated,64D,0.27261,-,-,-,-,4.41,1328
409,★ STAIR DCD-Gated,64D,0.27346,-,-,-,-,4.36,1328
410,★ STAIR DCD-Gated,64D,0.27256,0.0619,0.097,0.0335,0.0424,4.35,1328
411,★ STAIR DCD-Gated,64D,0.27197,-,-,-,-,4.34,1328
412,★ STAIR DCD-Gated,64D,0.27238,-,-,-,-,4.69,1328
413,★ STAIR DCD-Gated,64D,0.27316,-,-,-,-,4.93,1328
414,★ STAIR DCD-Gated,64D,0.27233,-,-,-,-,4.72,1328
415,★ STAIR DCD-Gated,64D,0.2723,0.0622,0.0968,0.0336,0.0424,4.42,1328
416,★ STAIR DCD-Gated,64D,0.27236,-,-,-,-,4.36,1328
417,★ STAIR DCD-Gated,64D,0.27288,-,-,-,-,4.36,1328
418,★ STAIR DCD-Gated,64D,0.27249,-,-,-,-,4.42,1328
419,★ STAIR DCD-Gated,64D,0.27266,-,-,-,-,4.35,1328
420,★ STAIR DCD-Gated,64D,0.27298,0.0623,0.0968,0.0337,0.0425,4.39,1328
421,★ STAIR DCD-Gated,64D,0.27167,-,-,-,-,4.36,1328
422,★ STAIR DCD-Gated,64D,0.27208,-,-,-,-,4.42,1328
423,★ STAIR DCD-Gated,64D,0.27176,-,-,-,-,4.39,1328
424,★ STAIR DCD-Gated,64D,0.2731,-,-,-,-,4.33,1328
425,★ STAIR DCD-Gated,64D,0.27196,0.062,0.0967,0.0335,0.0424,4.43,1328
426,★ STAIR DCD-Gated,64D,0.27247,-,-,-,-,4.44,1328
427,★ STAIR DCD-Gated,64D,0.27271,-,-,-,-,4.40,1328
428,★ STAIR DCD-Gated,64D,0.27216,-,-,-,-,4.35,1328
429,★ STAIR DCD-Gated,64D,0.2727,-,-,-,-,4.33,1328
430,★ STAIR DCD-Gated,64D,0.27259,0.0619,0.097,0.0335,0.0424,4.29,1328
431,★ STAIR DCD-Gated,64D,0.27218,-,-,-,-,4.38,1328
432,★ STAIR DCD-Gated,64D,0.27241,-,-,-,-,4.34,1328
433,★ STAIR DCD-Gated,64D,0.27192,-,-,-,-,4.34,1328
434,★ STAIR DCD-Gated,64D,0.27189,-,-,-,-,4.40,1328
435,★ STAIR DCD-Gated,64D,0.27244,0.0618,0.0973,0.0335,0.0425,4.32,1328
436,★ STAIR DCD-Gated,64D,0.27304,-,-,-,-,4.37,1328
437,★ STAIR DCD-Gated,64D,0.27276,-,-,-,-,4.38,1328
438,★ STAIR DCD-Gated,64D,0.27247,-,-,-,-,4.39,1328
439,★ STAIR DCD-Gated,64D,0.27247,-,-,-,-,4.35,1328
440,★ STAIR DCD-Gated,64D,0.27271,0.0619,0.097,0.0335,0.0424,4.43,1328
441,★ STAIR DCD-Gated,64D,0.27219,-,-,-,-,4.33,1328
442,★ STAIR DCD-Gated,64D,0.27241,-,-,-,-,4.37,1328
443,★ STAIR DCD-Gated,64D,0.272,-,-,-,-,4.35,1328
444,★ STAIR DCD-Gated,64D,0.27202,-,-,-,-,4.35,1328
445,★ STAIR DCD-Gated,64D,0.27254,0.0621,0.0971,0.0335,0.0424,4.31,1328
446,★ STAIR DCD-Gated,64D,0.27222,-,-,-,-,4.78,1328
447,★ STAIR DCD-Gated,64D,0.27179,-,-,-,-,5.53,1328
448,★ STAIR DCD-Gated,64D,0.27251,-,-,-,-,4.46,1328
449,★ STAIR DCD-Gated,64D,0.27206,-,-,-,-,4.34,1328
450,★ STAIR DCD-Gated,64D,0.27188,0.062,0.097,0.0335,0.0424,4.34,1328
451,★ STAIR DCD-Gated,64D,0.27244,-,-,-,-,4.41,1328
452,★ STAIR DCD-Gated,64D,0.27272,-,-,-,-,4.38,1328
453,★ STAIR DCD-Gated,64D,0.27227,-,-,-,-,4.39,1328
454,★ STAIR DCD-Gated,64D,0.27227,-,-,-,-,4.38,1328
455,★ STAIR DCD-Gated,64D,0.27206,0.0619,0.0971,0.0335,0.0424,4.36,1328
456,★ STAIR DCD-Gated,64D,0.27223,-,-,-,-,4.41,1328
457,★ STAIR DCD-Gated,64D,0.27254,-,-,-,-,4.41,1328
458,★ STAIR DCD-Gated,64D,0.27231,-,-,-,-,4.35,1328
459,★ STAIR DCD-Gated,64D,0.27246,-,-,-,-,4.37,1328
460,★ STAIR DCD-Gated,64D,0.27261,0.0618,0.0969,0.0334,0.0424,4.36,1328
461,★ STAIR DCD-Gated,64D,0.27218,-,-,-,-,4.42,1328
462,★ STAIR DCD-Gated,64D,0.27211,-,-,-,-,4.40,1328
463,★ STAIR DCD-Gated,64D,0.27183,-,-,-,-,4.36,1328
464,★ STAIR DCD-Gated,64D,0.27234,-,-,-,-,4.42,1328
465,★ STAIR DCD-Gated,64D,0.27202,0.0619,0.097,0.0335,0.0424,4.32,1328
466,★ STAIR DCD-Gated,64D,0.27201,-,-,-,-,4.39,1328
467,★ STAIR DCD-Gated,64D,0.2721,-,-,-,-,4.36,1328
468,★ STAIR DCD-Gated,64D,0.2725,-,-,-,-,4.39,1328
469,★ STAIR DCD-Gated,64D,0.27239,-,-,-,-,4.28,1328
470,★ STAIR DCD-Gated,64D,0.27143,0.0619,0.0969,0.0335,0.0424,4.33,1328
471,★ STAIR DCD-Gated,64D,0.27214,-,-,-,-,4.30,1328
472,★ STAIR DCD-Gated,64D,0.27202,-,-,-,-,4.31,1328
473,★ STAIR DCD-Gated,64D,0.2719,-,-,-,-,4.40,1328
474,★ STAIR DCD-Gated,64D,0.27178,-,-,-,-,4.32,1328
475,★ STAIR DCD-Gated,64D,0.27201,0.062,0.097,0.0335,0.0424,4.41,1328
476,★ STAIR DCD-Gated,64D,0.27242,-,-,-,-,4.33,1328
477,★ STAIR DCD-Gated,64D,0.27263,-,-,-,-,4.37,1328
478,★ STAIR DCD-Gated,64D,0.27214,-,-,-,-,4.34,1328
479,★ STAIR DCD-Gated,64D,0.27242,-,-,-,-,4.65,1328
480,★ STAIR DCD-Gated,64D,0.27197,0.0618,0.0971,0.0334,0.0424,4.97,1328
481,★ STAIR DCD-Gated,64D,0.27272,-,-,-,-,4.79,1328
482,★ STAIR DCD-Gated,64D,0.27261,-,-,-,-,4.40,1328
483,★ STAIR DCD-Gated,64D,0.2723,-,-,-,-,4.38,1328
484,★ STAIR DCD-Gated,64D,0.27175,-,-,-,-,4.38,1328
485,★ STAIR DCD-Gated,64D,0.27143,0.0619,0.0971,0.0334,0.0424,4.37,1328
486,★ STAIR DCD-Gated,64D,0.27262,-,-,-,-,4.33,1328
487,★ STAIR DCD-Gated,64D,0.27133,-,-,-,-,4.36,1328
488,★ STAIR DCD-Gated,64D,0.27234,-,-,-,-,4.35,1328
489,★ STAIR DCD-Gated,64D,0.27219,-,-,-,-,4.29,1328
490,★ STAIR DCD-Gated,64D,0.27228,0.0619,0.0971,0.0334,0.0424,4.38,1328
491,★ STAIR DCD-Gated,64D,0.27216,-,-,-,-,4.37,1328
492,★ STAIR DCD-Gated,64D,0.2716,-,-,-,-,4.43,1328
493,★ STAIR DCD-Gated,64D,0.27199,-,-,-,-,4.38,1328
494,★ STAIR DCD-Gated,64D,0.27241,-,-,-,-,4.36,1328
495,★ STAIR DCD-Gated,64D,0.27287,0.0619,0.0971,0.0335,0.0424,4.35,1328
496,★ STAIR DCD-Gated,64D,0.27167,-,-,-,-,4.37,1328
497,★ STAIR DCD-Gated,64D,0.27254,-,-,-,-,4.38,1328
498,★ STAIR DCD-Gated,64D,0.27127,-,-,-,-,4.35,1328
499,★ STAIR DCD-Gated,64D,0.27142,-,-,-,-,4.37,1328
500,★ STAIR DCD-Gated,64D,0.27183,0.0619,0.0971,0.0335,0.0424,4.36,1328
0,STAIR Baseline,256D,-,0.0291,0.0433,0.0154,0.019,-,624
1,STAIR Baseline,256D,0.62166,-,-,-,-,5.39,624
2,STAIR Baseline,256D,0.57475,-,-,-,-,4.81,624
3,STAIR Baseline,256D,0.51066,-,-,-,-,4.59,624
4,STAIR Baseline,256D,0.44364,-,-,-,-,4.63,624
5,STAIR Baseline,256D,0.38497,0.0594,0.0912,0.0317,0.0398,4.60,624
6,STAIR Baseline,256D,0.33797,-,-,-,-,4.69,624
7,STAIR Baseline,256D,0.30088,-,-,-,-,4.57,624
8,STAIR Baseline,256D,0.27169,-,-,-,-,4.61,624
9,STAIR Baseline,256D,0.24848,-,-,-,-,4.63,624
10,STAIR Baseline,256D,0.2287,0.0627,0.0967,0.0336,0.0422,4.59,624
11,STAIR Baseline,256D,0.21264,-,-,-,-,4.59,624
12,STAIR Baseline,256D,0.19917,-,-,-,-,4.64,624
13,STAIR Baseline,256D,0.1878,-,-,-,-,6.52,624
14,STAIR Baseline,256D,0.1778,-,-,-,-,4.58,624
15,STAIR Baseline,256D,0.1689,0.0633,0.0969,0.0344,0.043,4.62,624
16,STAIR Baseline,256D,0.16151,-,-,-,-,4.58,624
17,STAIR Baseline,256D,0.1544,-,-,-,-,4.61,624
18,STAIR Baseline,256D,0.14793,-,-,-,-,4.58,624
19,STAIR Baseline,256D,0.14192,-,-,-,-,4.57,624
20,STAIR Baseline,256D,0.13742,0.0654,0.0987,0.0352,0.0436,4.63,624
21,STAIR Baseline,256D,0.13276,-,-,-,-,4.60,624
22,STAIR Baseline,256D,0.12805,-,-,-,-,4.63,624
23,STAIR Baseline,256D,0.12479,-,-,-,-,4.60,624
24,STAIR Baseline,256D,0.12157,-,-,-,-,4.60,624
25,STAIR Baseline,256D,0.11767,0.0661,0.0989,0.0354,0.0437,4.60,624
26,STAIR Baseline,256D,0.11495,-,-,-,-,4.66,624
27,STAIR Baseline,256D,0.11173,-,-,-,-,4.59,624
28,STAIR Baseline,256D,0.10896,-,-,-,-,4.60,624
29,STAIR Baseline,256D,0.10688,-,-,-,-,4.58,624
30,STAIR Baseline,256D,0.1049,0.0662,0.0986,0.0354,0.0436,4.60,624
31,STAIR Baseline,256D,0.10279,-,-,-,-,4.64,624
32,STAIR Baseline,256D,0.10039,-,-,-,-,4.60,624
33,STAIR Baseline,256D,0.09843,-,-,-,-,4.61,624
34,STAIR Baseline,256D,0.09709,-,-,-,-,4.59,624
35,STAIR Baseline,256D,0.09507,0.0653,0.0999,0.0356,0.0444,4.60,624
36,STAIR Baseline,256D,0.09375,-,-,-,-,4.60,624
37,STAIR Baseline,256D,0.09237,-,-,-,-,4.60,624
38,STAIR Baseline,256D,0.09159,-,-,-,-,4.60,624
39,STAIR Baseline,256D,0.08965,-,-,-,-,4.61,624
40,STAIR Baseline,256D,0.08863,0.0665,0.1001,0.0356,0.0441,4.59,624
41,STAIR Baseline,256D,0.08743,-,-,-,-,4.65,624
42,STAIR Baseline,256D,0.08629,-,-,-,-,4.60,624
43,STAIR Baseline,256D,0.08514,-,-,-,-,4.59,624
44,STAIR Baseline,256D,0.08395,-,-,-,-,4.61,624
45,STAIR Baseline,256D,0.08311,0.0661,0.1007,0.0359,0.0446,4.59,624
46,STAIR Baseline,256D,0.08247,-,-,-,-,5.06,624
47,STAIR Baseline,256D,0.08124,-,-,-,-,5.05,624
48,STAIR Baseline,256D,0.08031,-,-,-,-,4.62,624
49,STAIR Baseline,256D,0.07994,-,-,-,-,4.58,624
50,STAIR Baseline,256D,0.07918,0.0663,0.1012,0.0358,0.0446,4.59,624
51,STAIR Baseline,256D,0.07881,-,-,-,-,4.65,624
52,STAIR Baseline,256D,0.07796,-,-,-,-,4.59,624
53,STAIR Baseline,256D,0.07731,-,-,-,-,4.58,624
54,STAIR Baseline,256D,0.07666,-,-,-,-,4.59,624
55,STAIR Baseline,256D,0.07609,0.066,0.1009,0.0358,0.0446,4.62,624
56,STAIR Baseline,256D,0.07566,-,-,-,-,4.58,624
57,STAIR Baseline,256D,0.07513,-,-,-,-,4.58,624
58,STAIR Baseline,256D,0.0745,-,-,-,-,4.57,624
59,STAIR Baseline,256D,0.07437,-,-,-,-,4.59,624
60,STAIR Baseline,256D,0.0738,0.0667,0.1016,0.036,0.0448,4.57,624
61,STAIR Baseline,256D,0.07312,-,-,-,-,4.62,624
62,STAIR Baseline,256D,0.07278,-,-,-,-,4.60,624
63,STAIR Baseline,256D,0.07221,-,-,-,-,4.58,624
64,STAIR Baseline,256D,0.07258,-,-,-,-,4.58,624
65,STAIR Baseline,256D,0.0717,0.0662,0.1019,0.036,0.045,4.58,624
66,STAIR Baseline,256D,0.07153,-,-,-,-,4.62,624
67,STAIR Baseline,256D,0.07109,-,-,-,-,4.58,624
68,STAIR Baseline,256D,0.07083,-,-,-,-,4.60,624
69,STAIR Baseline,256D,0.07067,-,-,-,-,4.58,624
70,STAIR Baseline,256D,0.07057,0.0669,0.1021,0.036,0.0449,4.57,624
71,STAIR Baseline,256D,0.06987,-,-,-,-,4.59,624
72,STAIR Baseline,256D,0.06954,-,-,-,-,4.59,624
73,STAIR Baseline,256D,0.06959,-,-,-,-,4.58,624
74,STAIR Baseline,256D,0.06877,-,-,-,-,4.66,624
75,STAIR Baseline,256D,0.06875,0.0667,0.1033,0.036,0.0453,4.62,624
76,STAIR Baseline,256D,0.06853,-,-,-,-,4.62,624
77,STAIR Baseline,256D,0.06839,-,-,-,-,4.62,624
78,STAIR Baseline,256D,0.06815,-,-,-,-,4.59,624
79,STAIR Baseline,256D,0.0681,-,-,-,-,4.64,624
80,STAIR Baseline,256D,0.06785,0.066,0.1031,0.0354,0.0449,5.52,624
81,STAIR Baseline,256D,0.06726,-,-,-,-,4.59,624
82,STAIR Baseline,256D,0.06742,-,-,-,-,4.61,624
83,STAIR Baseline,256D,0.06713,-,-,-,-,4.58,624
84,STAIR Baseline,256D,0.06732,-,-,-,-,4.59,624
85,STAIR Baseline,256D,0.06713,0.0666,0.1023,0.0355,0.0446,4.62,624
86,STAIR Baseline,256D,0.06705,-,-,-,-,4.57,624
87,STAIR Baseline,256D,0.06637,-,-,-,-,4.67,624
88,STAIR Baseline,256D,0.06639,-,-,-,-,4.64,624
89,STAIR Baseline,256D,0.06573,-,-,-,-,4.61,624
90,STAIR Baseline,256D,0.06613,0.0664,0.1022,0.0356,0.0446,4.58,624
91,STAIR Baseline,256D,0.06596,-,-,-,-,4.67,624
92,STAIR Baseline,256D,0.06585,-,-,-,-,4.59,624
93,STAIR Baseline,256D,0.06577,-,-,-,-,4.60,624
94,STAIR Baseline,256D,0.06537,-,-,-,-,4.62,624
95,STAIR Baseline,256D,0.06542,0.0683,0.1025,0.0364,0.045,4.62,624
96,STAIR Baseline,256D,0.06518,-,-,-,-,4.60,624
97,STAIR Baseline,256D,0.06526,-,-,-,-,4.60,624
98,STAIR Baseline,256D,0.06491,-,-,-,-,4.59,624
99,STAIR Baseline,256D,0.06484,-,-,-,-,4.59,624
100,STAIR Baseline,256D,0.06526,0.0678,0.1017,0.0359,0.0445,4.58,624
101,STAIR Baseline,256D,0.06486,-,-,-,-,4.62,624
102,STAIR Baseline,256D,0.0647,-,-,-,-,4.58,624
103,STAIR Baseline,256D,0.06464,-,-,-,-,4.60,624
104,STAIR Baseline,256D,0.06446,-,-,-,-,4.61,624
105,STAIR Baseline,256D,0.0643,0.0681,0.102,0.0361,0.0447,4.59,624
106,STAIR Baseline,256D,0.06432,-,-,-,-,4.66,624
107,STAIR Baseline,256D,0.0643,-,-,-,-,4.57,624
108,STAIR Baseline,256D,0.06404,-,-,-,-,4.61,624
109,STAIR Baseline,256D,0.0639,-,-,-,-,4.57,624
110,STAIR Baseline,256D,0.06373,0.067,0.102,0.036,0.0448,4.56,624
111,STAIR Baseline,256D,0.06399,-,-,-,-,4.65,624
112,STAIR Baseline,256D,0.06363,-,-,-,-,4.59,624
113,STAIR Baseline,256D,0.06363,-,-,-,-,5.67,624
114,STAIR Baseline,256D,0.06386,-,-,-,-,4.63,624
115,STAIR Baseline,256D,0.0636,0.0682,0.1032,0.0364,0.0453,4.66,624
116,STAIR Baseline,256D,0.06349,-,-,-,-,4.58,624
117,STAIR Baseline,256D,0.06363,-,-,-,-,4.67,624
118,STAIR Baseline,256D,0.06309,-,-,-,-,4.58,624
119,STAIR Baseline,256D,0.06345,-,-,-,-,4.62,624
120,STAIR Baseline,256D,0.06356,0.0681,0.1032,0.0362,0.0451,4.61,624
121,STAIR Baseline,256D,0.06302,-,-,-,-,4.61,624
122,STAIR Baseline,256D,0.06312,-,-,-,-,4.58,624
123,STAIR Baseline,256D,0.06283,-,-,-,-,4.62,624
124,STAIR Baseline,256D,0.06299,-,-,-,-,4.59,624
125,STAIR Baseline,256D,0.06278,0.0677,0.1031,0.0358,0.0448,4.67,624
126,STAIR Baseline,256D,0.06324,-,-,-,-,4.56,624
127,STAIR Baseline,256D,0.06304,-,-,-,-,4.64,624
128,STAIR Baseline,256D,0.06266,-,-,-,-,4.57,624
129,STAIR Baseline,256D,0.06274,-,-,-,-,4.59,624
130,STAIR Baseline,256D,0.06262,0.0672,0.1019,0.0354,0.0443,4.62,624
131,STAIR Baseline,256D,0.06252,-,-,-,-,4.60,624
132,STAIR Baseline,256D,0.06264,-,-,-,-,4.62,624
133,STAIR Baseline,256D,0.0622,-,-,-,-,4.59,624
134,STAIR Baseline,256D,0.0624,-,-,-,-,4.57,624
135,STAIR Baseline,256D,0.06255,0.068,0.102,0.0362,0.0448,4.59,624
136,STAIR Baseline,256D,0.06246,-,-,-,-,4.58,624
137,STAIR Baseline,256D,0.06206,-,-,-,-,4.65,624
138,STAIR Baseline,256D,0.06231,-,-,-,-,4.59,624
139,STAIR Baseline,256D,0.06231,-,-,-,-,4.58,624
140,STAIR Baseline,256D,0.06177,0.067,0.101,0.0356,0.0443,4.59,624
141,STAIR Baseline,256D,0.06213,-,-,-,-,4.57,624
142,STAIR Baseline,256D,0.06199,-,-,-,-,4.60,624
143,STAIR Baseline,256D,0.06219,-,-,-,-,4.61,624
144,STAIR Baseline,256D,0.06147,-,-,-,-,4.62,624
145,STAIR Baseline,256D,0.06215,0.0672,0.1026,0.0357,0.0447,4.60,624
146,STAIR Baseline,256D,0.06169,-,-,-,-,4.63,624
147,STAIR Baseline,256D,0.06203,-,-,-,-,5.37,624
148,STAIR Baseline,256D,0.06197,-,-,-,-,4.59,624
149,STAIR Baseline,256D,0.06187,-,-,-,-,4.60,624
150,STAIR Baseline,256D,0.06171,0.0681,0.1022,0.0355,0.0442,4.68,624
151,STAIR Baseline,256D,0.06162,-,-,-,-,4.63,624
152,STAIR Baseline,256D,0.06155,-,-,-,-,4.62,624
153,STAIR Baseline,256D,0.06125,-,-,-,-,4.59,624
154,STAIR Baseline,256D,0.06151,-,-,-,-,4.60,624
155,STAIR Baseline,256D,0.0614,0.0674,0.1035,0.0358,0.0449,4.60,624
156,STAIR Baseline,256D,0.06166,-,-,-,-,4.67,624
157,STAIR Baseline,256D,0.06103,-,-,-,-,4.61,624
158,STAIR Baseline,256D,0.06144,-,-,-,-,4.59,624
159,STAIR Baseline,256D,0.06121,-,-,-,-,4.56,624
160,STAIR Baseline,256D,0.06135,0.067,0.1026,0.0355,0.0445,4.60,624
161,STAIR Baseline,256D,0.06135,-,-,-,-,4.64,624
162,STAIR Baseline,256D,0.06091,-,-,-,-,4.63,624
163,STAIR Baseline,256D,0.0614,-,-,-,-,4.57,624
164,STAIR Baseline,256D,0.06127,-,-,-,-,4.58,624
165,STAIR Baseline,256D,0.06102,0.0666,0.1021,0.0352,0.0442,4.58,624
166,STAIR Baseline,256D,0.06123,-,-,-,-,4.62,624
167,STAIR Baseline,256D,0.06101,-,-,-,-,4.61,624
168,STAIR Baseline,256D,0.0614,-,-,-,-,4.58,624
169,STAIR Baseline,256D,0.06098,-,-,-,-,4.59,624
170,STAIR Baseline,256D,0.0605,0.0674,0.1015,0.0355,0.0442,4.58,624
171,STAIR Baseline,256D,0.06091,-,-,-,-,4.58,624
172,STAIR Baseline,256D,0.06107,-,-,-,-,4.64,624
173,STAIR Baseline,256D,0.06089,-,-,-,-,4.60,624
174,STAIR Baseline,256D,0.06068,-,-,-,-,4.57,624
175,STAIR Baseline,256D,0.06057,0.0683,0.1024,0.0363,0.0449,4.58,624
176,STAIR Baseline,256D,0.06099,-,-,-,-,4.58,624
177,STAIR Baseline,256D,0.06077,-,-,-,-,4.63,624
178,STAIR Baseline,256D,0.06063,-,-,-,-,4.60,624
179,STAIR Baseline,256D,0.06041,-,-,-,-,4.60,624
180,STAIR Baseline,256D,0.06078,0.0676,0.1011,0.0359,0.0444,5.49,624
181,STAIR Baseline,256D,0.06102,-,-,-,-,5.06,624
182,STAIR Baseline,256D,0.06067,-,-,-,-,4.58,624
183,STAIR Baseline,256D,0.06031,-,-,-,-,4.58,624
184,STAIR Baseline,256D,0.06037,-,-,-,-,4.57,624
185,STAIR Baseline,256D,0.06078,0.0684,0.1014,0.0363,0.0447,4.57,624
186,STAIR Baseline,256D,0.06059,-,-,-,-,4.59,624
187,STAIR Baseline,256D,0.06061,-,-,-,-,4.61,624
188,STAIR Baseline,256D,0.06041,-,-,-,-,4.61,624
189,STAIR Baseline,256D,0.0605,-,-,-,-,4.59,624
190,STAIR Baseline,256D,0.06024,0.0677,0.1008,0.0359,0.0444,4.62,624
191,STAIR Baseline,256D,0.06067,-,-,-,-,4.60,624
192,STAIR Baseline,256D,0.06038,-,-,-,-,4.61,624
193,STAIR Baseline,256D,0.06015,-,-,-,-,4.60,624
194,STAIR Baseline,256D,0.06002,-,-,-,-,4.60,624
195,STAIR Baseline,256D,0.06006,0.0672,0.1021,0.0359,0.0447,4.60,624
196,STAIR Baseline,256D,0.05996,-,-,-,-,4.58,624
197,STAIR Baseline,256D,0.06025,-,-,-,-,4.64,624
198,STAIR Baseline,256D,0.06011,-,-,-,-,4.58,624
199,STAIR Baseline,256D,0.0602,-,-,-,-,4.63,624
200,STAIR Baseline,256D,0.05991,0.0669,0.1026,0.036,0.0451,4.58,624
201,STAIR Baseline,256D,0.05987,-,-,-,-,4.55,624
202,STAIR Baseline,256D,0.05991,-,-,-,-,4.60,624
203,STAIR Baseline,256D,0.05988,-,-,-,-,4.57,624
204,STAIR Baseline,256D,0.05981,-,-,-,-,4.59,624
205,STAIR Baseline,256D,0.06006,0.0681,0.1025,0.0362,0.0449,4.64,624
206,STAIR Baseline,256D,0.05984,-,-,-,-,4.60,624
207,STAIR Baseline,256D,0.06012,-,-,-,-,4.66,624
208,STAIR Baseline,256D,0.06008,-,-,-,-,4.57,624
209,STAIR Baseline,256D,0.05998,-,-,-,-,4.59,624
210,STAIR Baseline,256D,0.06044,0.068,0.1021,0.036,0.0447,4.59,624
211,STAIR Baseline,256D,0.05961,-,-,-,-,4.63,624
212,STAIR Baseline,256D,0.06015,-,-,-,-,4.65,624
213,STAIR Baseline,256D,0.05974,-,-,-,-,5.15,624
214,STAIR Baseline,256D,0.05992,-,-,-,-,5.27,624
215,STAIR Baseline,256D,0.05982,0.068,0.1021,0.0358,0.0445,4.63,624
216,STAIR Baseline,256D,0.05996,-,-,-,-,4.65,624
217,STAIR Baseline,256D,0.06021,-,-,-,-,4.60,624
218,STAIR Baseline,256D,0.05977,-,-,-,-,4.59,624
219,STAIR Baseline,256D,0.06002,-,-,-,-,4.60,624
220,STAIR Baseline,256D,0.05975,0.0687,0.1017,0.0361,0.0445,4.60,624
221,STAIR Baseline,256D,0.05985,-,-,-,-,4.67,624
222,STAIR Baseline,256D,0.06003,-,-,-,-,4.60,624
223,STAIR Baseline,256D,0.05933,-,-,-,-,4.60,624
224,STAIR Baseline,256D,0.0597,-,-,-,-,4.59,624
225,STAIR Baseline,256D,0.05964,0.0686,0.1021,0.0362,0.0448,4.57,624
226,STAIR Baseline,256D,0.05957,-,-,-,-,4.61,624
227,STAIR Baseline,256D,0.05961,-,-,-,-,4.60,624
228,STAIR Baseline,256D,0.06003,-,-,-,-,4.59,624
229,STAIR Baseline,256D,0.05979,-,-,-,-,4.58,624
230,STAIR Baseline,256D,0.05968,0.0681,0.1004,0.0359,0.0441,4.59,624
231,STAIR Baseline,256D,0.05965,-,-,-,-,4.63,624
232,STAIR Baseline,256D,0.0596,-,-,-,-,4.61,624
233,STAIR Baseline,256D,0.05933,-,-,-,-,4.61,624
234,STAIR Baseline,256D,0.05918,-,-,-,-,4.60,624
235,STAIR Baseline,256D,0.05955,0.0676,0.1012,0.0357,0.0443,4.59,624
236,STAIR Baseline,256D,0.05969,-,-,-,-,4.57,624
237,STAIR Baseline,256D,0.05944,-,-,-,-,4.59,624
238,STAIR Baseline,256D,0.05935,-,-,-,-,4.62,624
239,STAIR Baseline,256D,0.05931,-,-,-,-,4.61,624
240,STAIR Baseline,256D,0.05923,0.0668,0.1016,0.0355,0.0444,4.59,624
241,STAIR Baseline,256D,0.05921,-,-,-,-,4.59,624
242,STAIR Baseline,256D,0.05934,-,-,-,-,4.63,624
243,STAIR Baseline,256D,0.05957,-,-,-,-,4.59,624
244,STAIR Baseline,256D,0.05887,-,-,-,-,4.61,624
245,STAIR Baseline,256D,0.05945,0.0665,0.1018,0.0353,0.0443,4.59,624
246,STAIR Baseline,256D,0.0594,-,-,-,-,4.56,624
247,STAIR Baseline,256D,0.05948,-,-,-,-,5.52,624
248,STAIR Baseline,256D,0.0594,-,-,-,-,4.56,624
249,STAIR Baseline,256D,0.05906,-,-,-,-,4.60,624
250,STAIR Baseline,256D,0.05951,0.0663,0.1028,0.0352,0.0445,4.58,624
251,STAIR Baseline,256D,0.05935,-,-,-,-,4.64,624
252,STAIR Baseline,256D,0.05908,-,-,-,-,4.58,624
253,STAIR Baseline,256D,0.05934,-,-,-,-,4.57,624
254,STAIR Baseline,256D,0.05935,-,-,-,-,4.60,624
255,STAIR Baseline,256D,0.05926,0.0671,0.1026,0.0356,0.0447,4.60,624
256,STAIR Baseline,256D,0.05935,-,-,-,-,4.60,624
257,STAIR Baseline,256D,0.0596,-,-,-,-,4.67,624
258,STAIR Baseline,256D,0.05969,-,-,-,-,4.62,624
259,STAIR Baseline,256D,0.05946,-,-,-,-,4.60,624
260,STAIR Baseline,256D,0.05921,0.0662,0.1023,0.0355,0.0447,4.57,624
261,STAIR Baseline,256D,0.05913,-,-,-,-,4.63,624
262,STAIR Baseline,256D,0.05909,-,-,-,-,4.62,624
263,STAIR Baseline,256D,0.05907,-,-,-,-,4.57,624
264,STAIR Baseline,256D,0.05936,-,-,-,-,4.64,624
265,STAIR Baseline,256D,0.05919,0.0678,0.1017,0.0362,0.0448,4.60,624
266,STAIR Baseline,256D,0.05929,-,-,-,-,4.62,624
267,STAIR Baseline,256D,0.05925,-,-,-,-,4.58,624
268,STAIR Baseline,256D,0.05927,-,-,-,-,4.61,624
269,STAIR Baseline,256D,0.0594,-,-,-,-,4.58,624
270,STAIR Baseline,256D,0.05907,0.0679,0.1018,0.0362,0.0448,4.59,624
271,STAIR Baseline,256D,0.05923,-,-,-,-,4.62,624
272,STAIR Baseline,256D,0.05925,-,-,-,-,4.58,624
273,STAIR Baseline,256D,0.05855,-,-,-,-,4.61,624
274,STAIR Baseline,256D,0.05883,-,-,-,-,4.63,624
275,STAIR Baseline,256D,0.05853,0.0673,0.1014,0.0359,0.0446,4.59,624
276,STAIR Baseline,256D,0.05949,-,-,-,-,4.66,624
277,STAIR Baseline,256D,0.059,-,-,-,-,4.58,624
278,STAIR Baseline,256D,0.05907,-,-,-,-,4.57,624
279,STAIR Baseline,256D,0.05902,-,-,-,-,4.59,624
280,STAIR Baseline,256D,0.05902,0.0671,0.1019,0.0357,0.0445,4.90,624
281,STAIR Baseline,256D,0.05882,-,-,-,-,5.05,624
282,STAIR Baseline,256D,0.0592,-,-,-,-,4.58,624
283,STAIR Baseline,256D,0.05893,-,-,-,-,4.59,624
284,STAIR Baseline,256D,0.05897,-,-,-,-,4.59,624
285,STAIR Baseline,256D,0.05881,0.0673,0.1007,0.0359,0.0444,4.59,624
286,STAIR Baseline,256D,0.05887,-,-,-,-,4.68,624
287,STAIR Baseline,256D,0.05879,-,-,-,-,4.62,624
288,STAIR Baseline,256D,0.05911,-,-,-,-,4.59,624
289,STAIR Baseline,256D,0.05929,-,-,-,-,4.58,624
290,STAIR Baseline,256D,0.05866,0.0668,0.1023,0.0355,0.0445,4.59,624
291,STAIR Baseline,256D,0.05904,-,-,-,-,4.59,624
292,STAIR Baseline,256D,0.05867,-,-,-,-,4.58,624
293,STAIR Baseline,256D,0.05896,-,-,-,-,4.58,624
294,STAIR Baseline,256D,0.05915,-,-,-,-,4.57,624
295,STAIR Baseline,256D,0.05886,0.0673,0.1026,0.0356,0.0446,4.59,624
296,STAIR Baseline,256D,0.05868,-,-,-,-,4.59,624
297,STAIR Baseline,256D,0.05886,-,-,-,-,4.60,624
298,STAIR Baseline,256D,0.05869,-,-,-,-,4.59,624
299,STAIR Baseline,256D,0.05877,-,-,-,-,4.57,624
300,STAIR Baseline,256D,0.05882,0.0673,0.1013,0.0358,0.0444,4.60,624
301,STAIR Baseline,256D,0.05867,-,-,-,-,4.58,624
302,STAIR Baseline,256D,0.05888,-,-,-,-,4.61,624
303,STAIR Baseline,256D,0.05858,-,-,-,-,4.62,624
304,STAIR Baseline,256D,0.05881,-,-,-,-,4.57,624
305,STAIR Baseline,256D,0.05895,0.0682,0.1011,0.036,0.0444,4.58,624
306,STAIR Baseline,256D,0.0585,-,-,-,-,4.60,624
307,STAIR Baseline,256D,0.05885,-,-,-,-,4.64,624
308,STAIR Baseline,256D,0.05846,-,-,-,-,4.60,624
309,STAIR Baseline,256D,0.05872,-,-,-,-,4.61,624
310,STAIR Baseline,256D,0.05869,0.0677,0.1026,0.0358,0.0447,4.58,624
311,STAIR Baseline,256D,0.05859,-,-,-,-,4.59,624
312,STAIR Baseline,256D,0.05891,-,-,-,-,4.59,624
313,STAIR Baseline,256D,0.05819,-,-,-,-,5.11,624
314,STAIR Baseline,256D,0.05876,-,-,-,-,5.29,624
315,STAIR Baseline,256D,0.05895,0.0672,0.1021,0.0357,0.0446,4.56,624
316,STAIR Baseline,256D,0.0587,-,-,-,-,4.62,624
317,STAIR Baseline,256D,0.05887,-,-,-,-,4.60,624
318,STAIR Baseline,256D,0.0586,-,-,-,-,4.60,624
319,STAIR Baseline,256D,0.0587,-,-,-,-,4.62,624
320,STAIR Baseline,256D,0.05854,0.0673,0.1019,0.0355,0.0443,4.58,624
321,STAIR Baseline,256D,0.05844,-,-,-,-,4.62,624
322,STAIR Baseline,256D,0.05871,-,-,-,-,4.60,624
323,STAIR Baseline,256D,0.05879,-,-,-,-,4.64,624
324,STAIR Baseline,256D,0.05864,-,-,-,-,4.61,624
325,STAIR Baseline,256D,0.0585,0.0675,0.1027,0.0358,0.0448,4.59,624
326,STAIR Baseline,256D,0.05867,-,-,-,-,4.63,624
327,STAIR Baseline,256D,0.05868,-,-,-,-,4.60,624
328,STAIR Baseline,256D,0.05868,-,-,-,-,4.57,624
329,STAIR Baseline,256D,0.0581,-,-,-,-,4.60,624
330,STAIR Baseline,256D,0.05823,0.0678,0.1023,0.0359,0.0447,4.57,624
331,STAIR Baseline,256D,0.05844,-,-,-,-,4.62,624
332,STAIR Baseline,256D,0.05852,-,-,-,-,4.60,624
333,STAIR Baseline,256D,0.05846,-,-,-,-,4.60,624
334,STAIR Baseline,256D,0.05847,-,-,-,-,4.63,624
335,STAIR Baseline,256D,0.05813,0.0682,0.102,0.036,0.0446,4.69,624
336,STAIR Baseline,256D,0.05827,-,-,-,-,4.70,624
337,STAIR Baseline,256D,0.05822,-,-,-,-,4.61,624
338,STAIR Baseline,256D,0.05836,-,-,-,-,4.59,624
339,STAIR Baseline,256D,0.05814,-,-,-,-,4.60,624
340,STAIR Baseline,256D,0.05835,0.0671,0.1015,0.0356,0.0443,4.58,624
341,STAIR Baseline,256D,0.05795,-,-,-,-,4.59,624
342,STAIR Baseline,256D,0.05825,-,-,-,-,4.60,624
343,STAIR Baseline,256D,0.05785,-,-,-,-,4.57,624
344,STAIR Baseline,256D,0.05836,-,-,-,-,4.60,624
345,STAIR Baseline,256D,0.05862,0.0665,0.1002,0.0355,0.0441,4.77,624
346,STAIR Baseline,256D,0.0579,-,-,-,-,4.58,624
347,STAIR Baseline,256D,0.05809,-,-,-,-,5.49,624
348,STAIR Baseline,256D,0.05812,-,-,-,-,4.70,624
349,STAIR Baseline,256D,0.05832,-,-,-,-,4.66,624
350,STAIR Baseline,256D,0.05831,0.066,0.1016,0.0354,0.0445,4.59,624
351,STAIR Baseline,256D,0.05822,-,-,-,-,4.67,624
352,STAIR Baseline,256D,0.05809,-,-,-,-,4.59,624
353,STAIR Baseline,256D,0.05817,-,-,-,-,4.61,624
354,STAIR Baseline,256D,0.05826,-,-,-,-,4.59,624
355,STAIR Baseline,256D,0.05786,0.0665,0.1013,0.0355,0.0443,4.61,624
356,STAIR Baseline,256D,0.05832,-,-,-,-,4.64,624
357,STAIR Baseline,256D,0.05828,-,-,-,-,4.60,624
358,STAIR Baseline,256D,0.05822,-,-,-,-,4.58,624
359,STAIR Baseline,256D,0.05841,-,-,-,-,4.60,624
360,STAIR Baseline,256D,0.0583,0.0659,0.102,0.0354,0.0445,4.60,624
361,STAIR Baseline,256D,0.05818,-,-,-,-,4.61,624
362,STAIR Baseline,256D,0.05842,-,-,-,-,4.65,624
363,STAIR Baseline,256D,0.0586,-,-,-,-,4.58,624
364,STAIR Baseline,256D,0.05858,-,-,-,-,4.64,624
365,STAIR Baseline,256D,0.05826,0.0669,0.1007,0.0355,0.0441,4.58,624
366,STAIR Baseline,256D,0.05828,-,-,-,-,4.66,624
367,STAIR Baseline,256D,0.05832,-,-,-,-,4.62,624
368,STAIR Baseline,256D,0.05793,-,-,-,-,4.59,624
369,STAIR Baseline,256D,0.05817,-,-,-,-,4.59,624
370,STAIR Baseline,256D,0.05839,0.067,0.1016,0.0358,0.0446,4.58,624
371,STAIR Baseline,256D,0.05864,-,-,-,-,4.56,624
372,STAIR Baseline,256D,0.05798,-,-,-,-,4.61,624
373,STAIR Baseline,256D,0.05836,-,-,-,-,4.59,624
374,STAIR Baseline,256D,0.05835,-,-,-,-,4.63,624
375,STAIR Baseline,256D,0.05821,0.0675,0.1021,0.0358,0.0446,4.58,624
376,STAIR Baseline,256D,0.0585,-,-,-,-,4.63,624
377,STAIR Baseline,256D,0.05804,-,-,-,-,4.57,624
378,STAIR Baseline,256D,0.05855,-,-,-,-,4.60,624
379,STAIR Baseline,256D,0.0583,-,-,-,-,4.57,624
380,STAIR Baseline,256D,0.05824,0.0672,0.1024,0.0356,0.0445,5.45,624
381,STAIR Baseline,256D,0.05842,-,-,-,-,4.83,624
382,STAIR Baseline,256D,0.05836,-,-,-,-,4.65,624
383,STAIR Baseline,256D,0.05834,-,-,-,-,4.59,624
384,STAIR Baseline,256D,0.05811,-,-,-,-,4.70,624
385,STAIR Baseline,256D,0.05823,0.0676,0.1013,0.0359,0.0445,4.60,624
386,STAIR Baseline,256D,0.05819,-,-,-,-,4.61,624
387,STAIR Baseline,256D,0.05814,-,-,-,-,4.60,624
388,STAIR Baseline,256D,0.058,-,-,-,-,4.62,624
389,STAIR Baseline,256D,0.05836,-,-,-,-,4.60,624
390,STAIR Baseline,256D,0.05822,0.0674,0.1009,0.036,0.0445,4.59,624
391,STAIR Baseline,256D,0.0577,-,-,-,-,4.58,624
392,STAIR Baseline,256D,0.05809,-,-,-,-,4.66,624
393,STAIR Baseline,256D,0.05841,-,-,-,-,4.59,624
394,STAIR Baseline,256D,0.05841,-,-,-,-,4.60,624
395,STAIR Baseline,256D,0.05784,0.0672,0.1014,0.0361,0.0448,4.59,624
396,STAIR Baseline,256D,0.0582,-,-,-,-,4.58,624
397,STAIR Baseline,256D,0.05841,-,-,-,-,4.62,624
398,STAIR Baseline,256D,0.05818,-,-,-,-,4.59,624
399,STAIR Baseline,256D,0.05793,-,-,-,-,4.57,624
400,STAIR Baseline,256D,0.05794,0.0667,0.1024,0.0354,0.0445,4.60,624
401,STAIR Baseline,256D,0.0583,-,-,-,-,4.58,624
402,STAIR Baseline,256D,0.05803,-,-,-,-,4.59,624
403,STAIR Baseline,256D,0.05828,-,-,-,-,4.60,624
404,STAIR Baseline,256D,0.05795,-,-,-,-,4.56,624
405,STAIR Baseline,256D,0.05813,0.0669,0.1023,0.0358,0.0448,4.61,624
406,STAIR Baseline,256D,0.05794,-,-,-,-,4.60,624
407,STAIR Baseline,256D,0.05823,-,-,-,-,4.59,624
408,STAIR Baseline,256D,0.0581,-,-,-,-,4.59,624
409,STAIR Baseline,256D,0.05782,-,-,-,-,4.61,624
410,STAIR Baseline,256D,0.05803,0.0678,0.1018,0.0359,0.0445,4.62,624
411,STAIR Baseline,256D,0.05827,-,-,-,-,4.65,624
412,STAIR Baseline,256D,0.05835,-,-,-,-,4.60,624
413,STAIR Baseline,256D,0.05791,-,-,-,-,4.60,624
414,STAIR Baseline,256D,0.05813,-,-,-,-,5.82,624
415,STAIR Baseline,256D,0.05816,0.0684,0.1027,0.0361,0.0448,4.64,624
416,STAIR Baseline,256D,0.05789,-,-,-,-,4.62,624
417,STAIR Baseline,256D,0.05843,-,-,-,-,4.60,624
418,STAIR Baseline,256D,0.05819,-,-,-,-,4.65,624
419,STAIR Baseline,256D,0.05804,-,-,-,-,4.67,624
420,STAIR Baseline,256D,0.05799,0.068,0.1016,0.0361,0.0447,4.61,624
421,STAIR Baseline,256D,0.05751,-,-,-,-,4.70,624
422,STAIR Baseline,256D,0.05797,-,-,-,-,4.67,624
423,STAIR Baseline,256D,0.05803,-,-,-,-,4.61,624
424,STAIR Baseline,256D,0.05801,-,-,-,-,4.63,624
425,STAIR Baseline,256D,0.05797,0.0669,0.1024,0.0357,0.0447,4.60,624
426,STAIR Baseline,256D,0.05786,-,-,-,-,4.66,624
427,STAIR Baseline,256D,0.05794,-,-,-,-,4.62,624
428,STAIR Baseline,256D,0.05788,-,-,-,-,4.59,624
429,STAIR Baseline,256D,0.05796,-,-,-,-,4.71,624
430,STAIR Baseline,256D,0.05776,0.068,0.1025,0.036,0.0448,4.56,624
431,STAIR Baseline,256D,0.0576,-,-,-,-,4.59,624
432,STAIR Baseline,256D,0.05812,-,-,-,-,4.62,624
433,STAIR Baseline,256D,0.05784,-,-,-,-,4.59,624
434,STAIR Baseline,256D,0.05789,-,-,-,-,4.60,624
435,STAIR Baseline,256D,0.05762,0.0674,0.102,0.0359,0.0447,4.60,624
436,STAIR Baseline,256D,0.05777,-,-,-,-,4.59,624
437,STAIR Baseline,256D,0.05788,-,-,-,-,4.59,624
438,STAIR Baseline,256D,0.05798,-,-,-,-,4.60,624
439,STAIR Baseline,256D,0.05769,-,-,-,-,4.65,624
440,STAIR Baseline,256D,0.05796,0.068,0.1014,0.0363,0.0449,4.60,624
441,STAIR Baseline,256D,0.05796,-,-,-,-,4.63,624
442,STAIR Baseline,256D,0.05756,-,-,-,-,4.62,624
443,STAIR Baseline,256D,0.05785,-,-,-,-,4.67,624
444,STAIR Baseline,256D,0.05804,-,-,-,-,4.61,624
445,STAIR Baseline,256D,0.05787,0.0686,0.1026,0.0367,0.0453,4.61,624
446,STAIR Baseline,256D,0.05822,-,-,-,-,4.62,624
447,STAIR Baseline,256D,0.05816,-,-,-,-,5.18,624
448,STAIR Baseline,256D,0.05793,-,-,-,-,5.33,624
449,STAIR Baseline,256D,0.0578,-,-,-,-,4.67,624
450,STAIR Baseline,256D,0.05805,0.069,0.1021,0.0366,0.045,4.61,624
451,STAIR Baseline,256D,0.0578,-,-,-,-,4.58,624
452,STAIR Baseline,256D,0.05793,-,-,-,-,4.65,624
453,STAIR Baseline,256D,0.05766,-,-,-,-,4.62,624
454,STAIR Baseline,256D,0.05787,-,-,-,-,4.58,624
455,STAIR Baseline,256D,0.05792,0.0683,0.1031,0.0367,0.0455,4.65,624
456,STAIR Baseline,256D,0.05791,-,-,-,-,4.59,624
457,STAIR Baseline,256D,0.05816,-,-,-,-,4.67,624
458,STAIR Baseline,256D,0.0578,-,-,-,-,4.62,624
459,STAIR Baseline,256D,0.05786,-,-,-,-,4.60,624
460,STAIR Baseline,256D,0.05797,0.0684,0.1018,0.0365,0.0449,4.57,624
461,STAIR Baseline,256D,0.05786,-,-,-,-,4.61,624
462,STAIR Baseline,256D,0.0578,-,-,-,-,4.66,624
463,STAIR Baseline,256D,0.05804,-,-,-,-,4.62,624
464,STAIR Baseline,256D,0.05793,-,-,-,-,4.60,624
465,STAIR Baseline,256D,0.05766,0.0685,0.1018,0.0362,0.0446,4.57,624
466,STAIR Baseline,256D,0.05785,-,-,-,-,4.67,624
467,STAIR Baseline,256D,0.05778,-,-,-,-,4.60,624
468,STAIR Baseline,256D,0.05752,-,-,-,-,4.58,624
469,STAIR Baseline,256D,0.05787,-,-,-,-,4.59,624
470,STAIR Baseline,256D,0.05791,0.0685,0.1009,0.0363,0.0446,4.60,624
471,STAIR Baseline,256D,0.05777,-,-,-,-,4.67,624
472,STAIR Baseline,256D,0.05777,-,-,-,-,4.60,624
473,STAIR Baseline,256D,0.05795,-,-,-,-,4.61,624
474,STAIR Baseline,256D,0.05768,-,-,-,-,4.56,624
475,STAIR Baseline,256D,0.05841,0.0677,0.102,0.0363,0.045,4.56,624
476,STAIR Baseline,256D,0.0579,-,-,-,-,4.66,624
477,STAIR Baseline,256D,0.05757,-,-,-,-,4.62,624
478,STAIR Baseline,256D,0.05767,-,-,-,-,4.58,624
479,STAIR Baseline,256D,0.05747,-,-,-,-,4.60,624
480,STAIR Baseline,256D,0.05789,0.0669,0.1025,0.0357,0.0448,4.58,624
481,STAIR Baseline,256D,0.05779,-,-,-,-,5.63,624
482,STAIR Baseline,256D,0.05764,-,-,-,-,4.62,624
483,STAIR Baseline,256D,0.05799,-,-,-,-,4.71,624
484,STAIR Baseline,256D,0.05728,-,-,-,-,4.59,624
485,STAIR Baseline,256D,0.05772,0.067,0.1014,0.0356,0.0444,4.62,624
486,STAIR Baseline,256D,0.05764,-,-,-,-,4.68,624
487,STAIR Baseline,256D,0.0577,-,-,-,-,4.55,624
488,STAIR Baseline,256D,0.05783,-,-,-,-,4.62,624
489,STAIR Baseline,256D,0.05754,-,-,-,-,4.63,624
490,STAIR Baseline,256D,0.05788,0.067,0.1015,0.0355,0.0443,4.66,624
491,STAIR Baseline,256D,0.05772,-,-,-,-,4.66,624
492,STAIR Baseline,256D,0.05739,-,-,-,-,4.58,624
493,STAIR Baseline,256D,0.0573,-,-,-,-,4.61,624
494,STAIR Baseline,256D,0.05798,-,-,-,-,4.60,624
495,STAIR Baseline,256D,0.05739,0.0663,0.1012,0.0354,0.0443,4.58,624
496,STAIR Baseline,256D,0.05752,-,-,-,-,4.64,624
497,STAIR Baseline,256D,0.05767,-,-,-,-,4.65,624
498,STAIR Baseline,256D,0.05759,-,-,-,-,4.63,624
499,STAIR Baseline,256D,0.05802,-,-,-,-,4.61,624
500,STAIR Baseline,256D,0.05782,0.0679,0.1012,0.0361,0.0445,4.62,624
0,★ STAIR DCD-Gated SOTA,256D,-,0.0291,0.0433,0.0154,0.019,-,624
1,★ STAIR DCD-Gated SOTA,256D,0.63933,-,-,-,-,7.11,624
2,★ STAIR DCD-Gated SOTA,256D,0.63775,-,-,-,-,6.24,624
3,★ STAIR DCD-Gated SOTA,256D,0.63372,-,-,-,-,6.20,624
4,★ STAIR DCD-Gated SOTA,256D,0.62671,-,-,-,-,6.15,624
5,★ STAIR DCD-Gated SOTA,256D,0.6161,0.0383,0.0573,0.0202,0.0251,6.18,624
6,★ STAIR DCD-Gated SOTA,256D,0.60052,-,-,-,-,6.21,624
7,★ STAIR DCD-Gated SOTA,256D,0.57887,-,-,-,-,6.29,624
8,★ STAIR DCD-Gated SOTA,256D,0.54961,-,-,-,-,6.19,624
9,★ STAIR DCD-Gated SOTA,256D,0.51269,-,-,-,-,6.20,624
10,★ STAIR DCD-Gated SOTA,256D,0.47002,0.0545,0.0846,0.0293,0.037,6.20,624
11,★ STAIR DCD-Gated SOTA,256D,0.42508,-,-,-,-,6.17,624
12,★ STAIR DCD-Gated SOTA,256D,0.38262,-,-,-,-,6.19,624
13,★ STAIR DCD-Gated SOTA,256D,0.34452,-,-,-,-,6.15,624
14,★ STAIR DCD-Gated SOTA,256D,0.3121,-,-,-,-,6.21,624
15,★ STAIR DCD-Gated SOTA,256D,0.28433,0.0602,0.0924,0.0322,0.0404,6.18,624
16,★ STAIR DCD-Gated SOTA,256D,0.26128,-,-,-,-,6.20,624
17,★ STAIR DCD-Gated SOTA,256D,0.24298,-,-,-,-,6.41,624
18,★ STAIR DCD-Gated SOTA,256D,0.22787,-,-,-,-,6.94,624
19,★ STAIR DCD-Gated SOTA,256D,0.21521,-,-,-,-,6.10,624
20,★ STAIR DCD-Gated SOTA,256D,0.20496,0.0622,0.0941,0.0335,0.0417,6.25,624
21,★ STAIR DCD-Gated SOTA,256D,0.19622,-,-,-,-,6.24,624
22,★ STAIR DCD-Gated SOTA,256D,0.18862,-,-,-,-,6.16,624
23,★ STAIR DCD-Gated SOTA,256D,0.18199,-,-,-,-,6.23,624
24,★ STAIR DCD-Gated SOTA,256D,0.17667,-,-,-,-,6.19,624
25,★ STAIR DCD-Gated SOTA,256D,0.1709,0.065,0.0968,0.0348,0.0429,6.15,624
26,★ STAIR DCD-Gated SOTA,256D,0.16674,-,-,-,-,6.22,624
27,★ STAIR DCD-Gated SOTA,256D,0.16329,-,-,-,-,6.25,624
28,★ STAIR DCD-Gated SOTA,256D,0.15962,-,-,-,-,6.19,624
29,★ STAIR DCD-Gated SOTA,256D,0.15622,-,-,-,-,6.18,624
30,★ STAIR DCD-Gated SOTA,256D,0.15338,0.0658,0.0979,0.0352,0.0434,6.26,624
31,★ STAIR DCD-Gated SOTA,256D,0.1506,-,-,-,-,6.20,624
32,★ STAIR DCD-Gated SOTA,256D,0.1489,-,-,-,-,6.20,624
33,★ STAIR DCD-Gated SOTA,256D,0.14648,-,-,-,-,6.15,624
34,★ STAIR DCD-Gated SOTA,256D,0.14494,-,-,-,-,6.16,624
35,★ STAIR DCD-Gated SOTA,256D,0.14326,0.0657,0.0985,0.0351,0.0435,6.19,624
36,★ STAIR DCD-Gated SOTA,256D,0.14151,-,-,-,-,6.20,624
37,★ STAIR DCD-Gated SOTA,256D,0.13975,-,-,-,-,6.20,624
38,★ STAIR DCD-Gated SOTA,256D,0.13881,-,-,-,-,6.20,624
39,★ STAIR DCD-Gated SOTA,256D,0.13796,-,-,-,-,6.19,624
40,★ STAIR DCD-Gated SOTA,256D,0.13678,0.0659,0.0995,0.0354,0.0439,6.20,624
41,★ STAIR DCD-Gated SOTA,256D,0.1364,-,-,-,-,6.16,624
42,★ STAIR DCD-Gated SOTA,256D,0.13491,-,-,-,-,6.18,624
43,★ STAIR DCD-Gated SOTA,256D,0.13452,-,-,-,-,6.22,624
44,★ STAIR DCD-Gated SOTA,256D,0.13366,-,-,-,-,6.25,624
45,★ STAIR DCD-Gated SOTA,256D,0.1329,0.066,0.0986,0.0354,0.0436,6.18,624
46,★ STAIR DCD-Gated SOTA,256D,0.13263,-,-,-,-,6.18,624
47,★ STAIR DCD-Gated SOTA,256D,0.13235,-,-,-,-,6.35,624
48,★ STAIR DCD-Gated SOTA,256D,0.13187,-,-,-,-,6.21,624
49,★ STAIR DCD-Gated SOTA,256D,0.13193,-,-,-,-,6.19,624
50,★ STAIR DCD-Gated SOTA,256D,0.1312,0.066,0.0988,0.0354,0.0437,6.19,624
51,★ STAIR DCD-Gated SOTA,256D,0.13047,-,-,-,-,6.35,624
52,★ STAIR DCD-Gated SOTA,256D,0.12916,-,-,-,-,6.83,624
53,★ STAIR DCD-Gated SOTA,256D,0.12807,-,-,-,-,6.17,624
54,★ STAIR DCD-Gated SOTA,256D,0.12668,-,-,-,-,6.19,624
55,★ STAIR DCD-Gated SOTA,256D,0.12567,0.0659,0.0992,0.0355,0.0439,6.17,624
56,★ STAIR DCD-Gated SOTA,256D,0.12517,-,-,-,-,6.16,624
57,★ STAIR DCD-Gated SOTA,256D,0.12387,-,-,-,-,6.20,624
58,★ STAIR DCD-Gated SOTA,256D,0.12308,-,-,-,-,6.21,624
59,★ STAIR DCD-Gated SOTA,256D,0.12232,-,-,-,-,6.17,624
60,★ STAIR DCD-Gated SOTA,256D,0.12181,0.0655,0.1003,0.0352,0.044,6.16,624
61,★ STAIR DCD-Gated SOTA,256D,0.12098,-,-,-,-,6.19,624
62,★ STAIR DCD-Gated SOTA,256D,0.12062,-,-,-,-,6.19,624
63,★ STAIR DCD-Gated SOTA,256D,0.12,-,-,-,-,6.23,624
64,★ STAIR DCD-Gated SOTA,256D,0.11907,-,-,-,-,6.22,624
65,★ STAIR DCD-Gated SOTA,256D,0.11915,0.0657,0.1004,0.035,0.0438,6.17,624
66,★ STAIR DCD-Gated SOTA,256D,0.11803,-,-,-,-,6.21,624
67,★ STAIR DCD-Gated SOTA,256D,0.11752,-,-,-,-,6.26,624
68,★ STAIR DCD-Gated SOTA,256D,0.11697,-,-,-,-,6.18,624
69,★ STAIR DCD-Gated SOTA,256D,0.11681,-,-,-,-,6.15,624
70,★ STAIR DCD-Gated SOTA,256D,0.11625,0.0657,0.1003,0.0354,0.0441,6.19,624
71,★ STAIR DCD-Gated SOTA,256D,0.11592,-,-,-,-,6.18,624
72,★ STAIR DCD-Gated SOTA,256D,0.11508,-,-,-,-,6.33,624
73,★ STAIR DCD-Gated SOTA,256D,0.11508,-,-,-,-,6.20,624
74,★ STAIR DCD-Gated SOTA,256D,0.11458,-,-,-,-,6.14,624
75,★ STAIR DCD-Gated SOTA,256D,0.11441,0.0659,0.0999,0.0354,0.044,6.17,624
76,★ STAIR DCD-Gated SOTA,256D,0.11406,-,-,-,-,6.16,624
77,★ STAIR DCD-Gated SOTA,256D,0.11361,-,-,-,-,6.21,624
78,★ STAIR DCD-Gated SOTA,256D,0.11338,-,-,-,-,6.22,624
79,★ STAIR DCD-Gated SOTA,256D,0.11283,-,-,-,-,6.22,624
80,★ STAIR DCD-Gated SOTA,256D,0.11302,0.0671,0.1002,0.036,0.0444,6.21,624
81,★ STAIR DCD-Gated SOTA,256D,0.11224,-,-,-,-,6.18,624
82,★ STAIR DCD-Gated SOTA,256D,0.11211,-,-,-,-,6.23,624
83,★ STAIR DCD-Gated SOTA,256D,0.11211,-,-,-,-,6.23,624
84,★ STAIR DCD-Gated SOTA,256D,0.11173,-,-,-,-,6.21,624
85,★ STAIR DCD-Gated SOTA,256D,0.11119,0.0662,0.1005,0.0356,0.0443,6.78,624
86,★ STAIR DCD-Gated SOTA,256D,0.11136,-,-,-,-,6.26,624
87,★ STAIR DCD-Gated SOTA,256D,0.11099,-,-,-,-,6.26,624
88,★ STAIR DCD-Gated SOTA,256D,0.11077,-,-,-,-,6.09,624
89,★ STAIR DCD-Gated SOTA,256D,0.11117,-,-,-,-,6.21,624
90,★ STAIR DCD-Gated SOTA,256D,0.11012,0.0668,0.1008,0.0357,0.0443,6.18,624
91,★ STAIR DCD-Gated SOTA,256D,0.11067,-,-,-,-,6.18,624
92,★ STAIR DCD-Gated SOTA,256D,0.10993,-,-,-,-,6.19,624
93,★ STAIR DCD-Gated SOTA,256D,0.1098,-,-,-,-,6.15,624
94,★ STAIR DCD-Gated SOTA,256D,0.1095,-,-,-,-,6.25,624
95,★ STAIR DCD-Gated SOTA,256D,0.10969,0.0658,0.1019,0.0354,0.0445,6.27,624
96,★ STAIR DCD-Gated SOTA,256D,0.10928,-,-,-,-,6.19,624
97,★ STAIR DCD-Gated SOTA,256D,0.10873,-,-,-,-,6.20,624
98,★ STAIR DCD-Gated SOTA,256D,0.1087,-,-,-,-,6.17,624
99,★ STAIR DCD-Gated SOTA,256D,0.10907,-,-,-,-,6.34,624
100,★ STAIR DCD-Gated SOTA,256D,0.10835,0.0658,0.1,0.035,0.0437,6.21,624
101,★ STAIR DCD-Gated SOTA,256D,0.10824,-,-,-,-,6.21,624
102,★ STAIR DCD-Gated SOTA,256D,0.10811,-,-,-,-,6.18,624
103,★ STAIR DCD-Gated SOTA,256D,0.10761,-,-,-,-,6.22,624
104,★ STAIR DCD-Gated SOTA,256D,0.10782,-,-,-,-,6.19,624
105,★ STAIR DCD-Gated SOTA,256D,0.10792,0.0667,0.1001,0.0355,0.044,6.17,624
106,★ STAIR DCD-Gated SOTA,256D,0.10779,-,-,-,-,6.51,624
107,★ STAIR DCD-Gated SOTA,256D,0.10702,-,-,-,-,6.29,624
108,★ STAIR DCD-Gated SOTA,256D,0.10733,-,-,-,-,6.26,624
109,★ STAIR DCD-Gated SOTA,256D,0.1069,-,-,-,-,6.25,624
110,★ STAIR DCD-Gated SOTA,256D,0.10694,0.0664,0.1004,0.0356,0.0443,6.26,624
111,★ STAIR DCD-Gated SOTA,256D,0.10712,-,-,-,-,6.24,624
112,★ STAIR DCD-Gated SOTA,256D,0.10698,-,-,-,-,6.28,624
113,★ STAIR DCD-Gated SOTA,256D,0.10673,-,-,-,-,6.24,624
114,★ STAIR DCD-Gated SOTA,256D,0.10662,-,-,-,-,6.29,624
115,★ STAIR DCD-Gated SOTA,256D,0.10667,0.0653,0.101,0.0353,0.0444,6.28,624
116,★ STAIR DCD-Gated SOTA,256D,0.10644,-,-,-,-,6.20,624
117,★ STAIR DCD-Gated SOTA,256D,0.10622,-,-,-,-,6.23,624
118,★ STAIR DCD-Gated SOTA,256D,0.106,-,-,-,-,6.39,624
119,★ STAIR DCD-Gated SOTA,256D,0.1063,-,-,-,-,7.04,624
120,★ STAIR DCD-Gated SOTA,256D,0.10591,0.0666,0.1016,0.0357,0.0446,6.22,624
121,★ STAIR DCD-Gated SOTA,256D,0.10608,-,-,-,-,6.21,624
122,★ STAIR DCD-Gated SOTA,256D,0.1056,-,-,-,-,6.26,624
123,★ STAIR DCD-Gated SOTA,256D,0.10594,-,-,-,-,6.23,624
124,★ STAIR DCD-Gated SOTA,256D,0.1057,-,-,-,-,6.20,624
125,★ STAIR DCD-Gated SOTA,256D,0.10549,0.0656,0.1007,0.0356,0.0446,6.21,624
126,★ STAIR DCD-Gated SOTA,256D,0.10523,-,-,-,-,6.22,624
127,★ STAIR DCD-Gated SOTA,256D,0.10561,-,-,-,-,6.29,624
128,★ STAIR DCD-Gated SOTA,256D,0.1051,-,-,-,-,6.20,624
129,★ STAIR DCD-Gated SOTA,256D,0.1052,-,-,-,-,6.20,624
130,★ STAIR DCD-Gated SOTA,256D,0.10515,0.0652,0.1008,0.0355,0.0446,6.20,624
131,★ STAIR DCD-Gated SOTA,256D,0.105,-,-,-,-,6.18,624
132,★ STAIR DCD-Gated SOTA,256D,0.10527,-,-,-,-,6.21,624
133,★ STAIR DCD-Gated SOTA,256D,0.10482,-,-,-,-,6.19,624
134,★ STAIR DCD-Gated SOTA,256D,0.10455,-,-,-,-,6.19,624
135,★ STAIR DCD-Gated SOTA,256D,0.10489,0.0663,0.1003,0.0356,0.0442,6.22,624
136,★ STAIR DCD-Gated SOTA,256D,0.10464,-,-,-,-,6.23,624
137,★ STAIR DCD-Gated SOTA,256D,0.10411,-,-,-,-,6.21,624
138,★ STAIR DCD-Gated SOTA,256D,0.10448,-,-,-,-,6.22,624
139,★ STAIR DCD-Gated SOTA,256D,0.10428,-,-,-,-,6.25,624
140,★ STAIR DCD-Gated SOTA,256D,0.10422,0.0659,0.1007,0.0358,0.0447,6.26,624
141,★ STAIR DCD-Gated SOTA,256D,0.10428,-,-,-,-,6.24,624
142,★ STAIR DCD-Gated SOTA,256D,0.10405,-,-,-,-,6.35,624
143,★ STAIR DCD-Gated SOTA,256D,0.10353,-,-,-,-,6.24,624
144,★ STAIR DCD-Gated SOTA,256D,0.10389,-,-,-,-,6.17,624
145,★ STAIR DCD-Gated SOTA,256D,0.10375,0.0672,0.1018,0.0364,0.0452,6.19,624
146,★ STAIR DCD-Gated SOTA,256D,0.10394,-,-,-,-,6.27,624
147,★ STAIR DCD-Gated SOTA,256D,0.10376,-,-,-,-,6.25,624
148,★ STAIR DCD-Gated SOTA,256D,0.10369,-,-,-,-,6.23,624
149,★ STAIR DCD-Gated SOTA,256D,0.10364,-,-,-,-,6.24,624
150,★ STAIR DCD-Gated SOTA,256D,0.1037,0.0672,0.1017,0.0361,0.0449,6.29,624
151,★ STAIR DCD-Gated SOTA,256D,0.10351,-,-,-,-,6.33,624
152,★ STAIR DCD-Gated SOTA,256D,0.10338,-,-,-,-,7.05,624
153,★ STAIR DCD-Gated SOTA,256D,0.1031,-,-,-,-,6.21,624
154,★ STAIR DCD-Gated SOTA,256D,0.10323,-,-,-,-,6.22,624
155,★ STAIR DCD-Gated SOTA,256D,0.10338,0.0663,0.1019,0.036,0.0451,6.26,624
156,★ STAIR DCD-Gated SOTA,256D,0.10338,-,-,-,-,6.21,624
157,★ STAIR DCD-Gated SOTA,256D,0.1033,-,-,-,-,6.23,624
158,★ STAIR DCD-Gated SOTA,256D,0.10293,-,-,-,-,6.17,624
159,★ STAIR DCD-Gated SOTA,256D,0.10271,-,-,-,-,6.25,624
160,★ STAIR DCD-Gated SOTA,256D,0.10265,0.0665,0.1012,0.036,0.0449,6.24,624
161,★ STAIR DCD-Gated SOTA,256D,0.10278,-,-,-,-,6.33,624
162,★ STAIR DCD-Gated SOTA,256D,0.10239,-,-,-,-,6.37,624
163,★ STAIR DCD-Gated SOTA,256D,0.10285,-,-,-,-,6.19,624
164,★ STAIR DCD-Gated SOTA,256D,0.10246,-,-,-,-,6.34,624
165,★ STAIR DCD-Gated SOTA,256D,0.10248,0.0669,0.1011,0.0359,0.0446,6.28,624
166,★ STAIR DCD-Gated SOTA,256D,0.10267,-,-,-,-,6.32,624
167,★ STAIR DCD-Gated SOTA,256D,0.10243,-,-,-,-,6.34,624
168,★ STAIR DCD-Gated SOTA,256D,0.10222,-,-,-,-,6.38,624
169,★ STAIR DCD-Gated SOTA,256D,0.10226,-,-,-,-,6.34,624
170,★ STAIR DCD-Gated SOTA,256D,0.10227,0.0667,0.1006,0.0361,0.0447,6.32,624
171,★ STAIR DCD-Gated SOTA,256D,0.10222,-,-,-,-,6.26,624
172,★ STAIR DCD-Gated SOTA,256D,0.10242,-,-,-,-,6.24,624
173,★ STAIR DCD-Gated SOTA,256D,0.10202,-,-,-,-,6.26,624
174,★ STAIR DCD-Gated SOTA,256D,0.10222,-,-,-,-,6.57,624
175,★ STAIR DCD-Gated SOTA,256D,0.10196,0.0663,0.1002,0.036,0.0447,6.67,624
176,★ STAIR DCD-Gated SOTA,256D,0.10208,-,-,-,-,6.72,624
177,★ STAIR DCD-Gated SOTA,256D,0.10207,-,-,-,-,6.75,624
178,★ STAIR DCD-Gated SOTA,256D,0.10191,-,-,-,-,6.49,624
179,★ STAIR DCD-Gated SOTA,256D,0.1019,-,-,-,-,6.27,624
180,★ STAIR DCD-Gated SOTA,256D,0.10185,0.0665,0.0996,0.0361,0.0445,6.33,624
181,★ STAIR DCD-Gated SOTA,256D,0.10172,-,-,-,-,6.28,624
182,★ STAIR DCD-Gated SOTA,256D,0.10185,-,-,-,-,6.31,624
183,★ STAIR DCD-Gated SOTA,256D,0.10166,-,-,-,-,6.25,624
184,★ STAIR DCD-Gated SOTA,256D,0.10179,-,-,-,-,6.30,624
185,★ STAIR DCD-Gated SOTA,256D,0.10137,0.0663,0.099,0.0359,0.0443,6.60,624
186,★ STAIR DCD-Gated SOTA,256D,0.10124,-,-,-,-,6.61,624
187,★ STAIR DCD-Gated SOTA,256D,0.10185,-,-,-,-,6.27,624
188,★ STAIR DCD-Gated SOTA,256D,0.10136,-,-,-,-,6.28,624
189,★ STAIR DCD-Gated SOTA,256D,0.1015,-,-,-,-,6.43,624
190,★ STAIR DCD-Gated SOTA,256D,0.10152,0.067,0.0999,0.0362,0.0446,6.36,624
191,★ STAIR DCD-Gated SOTA,256D,0.10152,-,-,-,-,6.24,624
192,★ STAIR DCD-Gated SOTA,256D,0.1013,-,-,-,-,6.30,624
193,★ STAIR DCD-Gated SOTA,256D,0.10127,-,-,-,-,6.27,624
194,★ STAIR DCD-Gated SOTA,256D,0.10115,-,-,-,-,6.27,624
195,★ STAIR DCD-Gated SOTA,256D,0.10116,0.0661,0.0996,0.036,0.0445,6.28,624
196,★ STAIR DCD-Gated SOTA,256D,0.10106,-,-,-,-,6.32,624
197,★ STAIR DCD-Gated SOTA,256D,0.10136,-,-,-,-,6.31,624
198,★ STAIR DCD-Gated SOTA,256D,0.10101,-,-,-,-,6.23,624
199,★ STAIR DCD-Gated SOTA,256D,0.10148,-,-,-,-,6.22,624
200,★ STAIR DCD-Gated SOTA,256D,0.10122,0.0667,0.0992,0.0358,0.0441,6.32,624
201,★ STAIR DCD-Gated SOTA,256D,0.10081,-,-,-,-,6.30,624
202,★ STAIR DCD-Gated SOTA,256D,0.10112,-,-,-,-,6.35,624
203,★ STAIR DCD-Gated SOTA,256D,0.10094,-,-,-,-,6.28,624
204,★ STAIR DCD-Gated SOTA,256D,0.10064,-,-,-,-,6.15,624
205,★ STAIR DCD-Gated SOTA,256D,0.10102,0.0664,0.1002,0.0359,0.0444,6.16,624
206,★ STAIR DCD-Gated SOTA,256D,0.10088,-,-,-,-,6.15,624
207,★ STAIR DCD-Gated SOTA,256D,0.10044,-,-,-,-,6.27,624
208,★ STAIR DCD-Gated SOTA,256D,0.10067,-,-,-,-,6.16,624
209,★ STAIR DCD-Gated SOTA,256D,0.10065,-,-,-,-,6.16,624
210,★ STAIR DCD-Gated SOTA,256D,0.10026,0.0664,0.0992,0.0359,0.0443,6.18,624
211,★ STAIR DCD-Gated SOTA,256D,0.10036,-,-,-,-,6.15,624
212,★ STAIR DCD-Gated SOTA,256D,0.10051,-,-,-,-,6.22,624
213,★ STAIR DCD-Gated SOTA,256D,0.10064,-,-,-,-,6.11,624
214,★ STAIR DCD-Gated SOTA,256D,0.10046,-,-,-,-,6.13,624
215,★ STAIR DCD-Gated SOTA,256D,0.10021,0.0668,0.1002,0.0361,0.0446,6.20,624
216,★ STAIR DCD-Gated SOTA,256D,0.10036,-,-,-,-,6.19,624
217,★ STAIR DCD-Gated SOTA,256D,0.10002,-,-,-,-,6.20,624
218,★ STAIR DCD-Gated SOTA,256D,0.10033,-,-,-,-,6.32,624
219,★ STAIR DCD-Gated SOTA,256D,0.10025,-,-,-,-,6.63,624
220,★ STAIR DCD-Gated SOTA,256D,0.10012,0.0675,0.1011,0.0363,0.0449,6.19,624
221,★ STAIR DCD-Gated SOTA,256D,0.10021,-,-,-,-,6.17,624
222,★ STAIR DCD-Gated SOTA,256D,0.10023,-,-,-,-,6.20,624
223,★ STAIR DCD-Gated SOTA,256D,0.10009,-,-,-,-,6.20,624
224,★ STAIR DCD-Gated SOTA,256D,0.10029,-,-,-,-,6.25,624
225,★ STAIR DCD-Gated SOTA,256D,0.09968,0.0676,0.1005,0.0364,0.0447,6.16,624
226,★ STAIR DCD-Gated SOTA,256D,0.10032,-,-,-,-,6.18,624
227,★ STAIR DCD-Gated SOTA,256D,0.10003,-,-,-,-,6.17,624
228,★ STAIR DCD-Gated SOTA,256D,0.10002,-,-,-,-,6.14,624
229,★ STAIR DCD-Gated SOTA,256D,0.09989,-,-,-,-,6.19,624
230,★ STAIR DCD-Gated SOTA,256D,0.09961,0.0678,0.1016,0.0363,0.0449,6.24,624
231,★ STAIR DCD-Gated SOTA,256D,0.09946,-,-,-,-,6.20,624
232,★ STAIR DCD-Gated SOTA,256D,0.0997,-,-,-,-,6.23,624
233,★ STAIR DCD-Gated SOTA,256D,0.0998,-,-,-,-,6.18,624
234,★ STAIR DCD-Gated SOTA,256D,0.09965,-,-,-,-,6.15,624
235,★ STAIR DCD-Gated SOTA,256D,0.09972,0.0687,0.1004,0.0366,0.0447,6.20,624
236,★ STAIR DCD-Gated SOTA,256D,0.09972,-,-,-,-,6.24,624
237,★ STAIR DCD-Gated SOTA,256D,0.09945,-,-,-,-,6.27,624
238,★ STAIR DCD-Gated SOTA,256D,0.09977,-,-,-,-,6.20,624
239,★ STAIR DCD-Gated SOTA,256D,0.09934,-,-,-,-,6.14,624
240,★ STAIR DCD-Gated SOTA,256D,0.09925,0.0669,0.1008,0.0362,0.0449,6.20,624
241,★ STAIR DCD-Gated SOTA,256D,0.09941,-,-,-,-,6.14,624
242,★ STAIR DCD-Gated SOTA,256D,0.09984,-,-,-,-,6.18,624
243,★ STAIR DCD-Gated SOTA,256D,0.09931,-,-,-,-,6.17,624
244,★ STAIR DCD-Gated SOTA,256D,0.09932,-,-,-,-,6.18,624
245,★ STAIR DCD-Gated SOTA,256D,0.09939,0.0668,0.1005,0.0363,0.0449,6.13,624
246,★ STAIR DCD-Gated SOTA,256D,0.09929,-,-,-,-,6.16,624
247,★ STAIR DCD-Gated SOTA,256D,0.09934,-,-,-,-,6.18,624
248,★ STAIR DCD-Gated SOTA,256D,0.09941,-,-,-,-,6.17,624
249,★ STAIR DCD-Gated SOTA,256D,0.09918,-,-,-,-,6.14,624
250,★ STAIR DCD-Gated SOTA,256D,0.09944,0.067,0.1013,0.0361,0.0448,6.18,624
251,★ STAIR DCD-Gated SOTA,256D,0.09935,-,-,-,-,6.19,624
252,★ STAIR DCD-Gated SOTA,256D,0.09919,-,-,-,-,7.00,624
253,★ STAIR DCD-Gated SOTA,256D,0.09902,-,-,-,-,6.67,624
254,★ STAIR DCD-Gated SOTA,256D,0.09915,-,-,-,-,6.12,624
255,★ STAIR DCD-Gated SOTA,256D,0.09921,0.0673,0.1006,0.0361,0.0446,6.12,624
256,★ STAIR DCD-Gated SOTA,256D,0.09906,-,-,-,-,6.19,624
257,★ STAIR DCD-Gated SOTA,256D,0.09879,-,-,-,-,6.28,624
258,★ STAIR DCD-Gated SOTA,256D,0.09888,-,-,-,-,6.18,624
259,★ STAIR DCD-Gated SOTA,256D,0.09899,-,-,-,-,6.16,624
260,★ STAIR DCD-Gated SOTA,256D,0.09894,0.0668,0.1012,0.0362,0.0449,6.19,624
261,★ STAIR DCD-Gated SOTA,256D,0.09889,-,-,-,-,6.16,624
262,★ STAIR DCD-Gated SOTA,256D,0.09896,-,-,-,-,6.20,624
263,★ STAIR DCD-Gated SOTA,256D,0.09895,-,-,-,-,6.21,624
264,★ STAIR DCD-Gated SOTA,256D,0.09907,-,-,-,-,6.18,624
265,★ STAIR DCD-Gated SOTA,256D,0.09882,0.0669,0.1006,0.0362,0.0448,6.14,624
266,★ STAIR DCD-Gated SOTA,256D,0.09852,-,-,-,-,6.22,624
267,★ STAIR DCD-Gated SOTA,256D,0.099,-,-,-,-,6.22,624
268,★ STAIR DCD-Gated SOTA,256D,0.09878,-,-,-,-,6.14,624
269,★ STAIR DCD-Gated SOTA,256D,0.09887,-,-,-,-,6.11,624
270,★ STAIR DCD-Gated SOTA,256D,0.09864,0.0666,0.1008,0.0358,0.0445,6.18,624
271,★ STAIR DCD-Gated SOTA,256D,0.09868,-,-,-,-,6.22,624
272,★ STAIR DCD-Gated SOTA,256D,0.09846,-,-,-,-,6.21,624
273,★ STAIR DCD-Gated SOTA,256D,0.09874,-,-,-,-,6.19,624
274,★ STAIR DCD-Gated SOTA,256D,0.0985,-,-,-,-,6.21,624
275,★ STAIR DCD-Gated SOTA,256D,0.09864,0.0666,0.1006,0.0359,0.0446,6.18,624
276,★ STAIR DCD-Gated SOTA,256D,0.09843,-,-,-,-,6.15,624
277,★ STAIR DCD-Gated SOTA,256D,0.09822,-,-,-,-,6.22,624
278,★ STAIR DCD-Gated SOTA,256D,0.09865,-,-,-,-,6.20,624
279,★ STAIR DCD-Gated SOTA,256D,0.09851,-,-,-,-,6.21,624
280,★ STAIR DCD-Gated SOTA,256D,0.09866,0.0666,0.1006,0.036,0.0447,6.17,624
281,★ STAIR DCD-Gated SOTA,256D,0.09862,-,-,-,-,6.14,624
282,★ STAIR DCD-Gated SOTA,256D,0.09819,-,-,-,-,6.19,624
283,★ STAIR DCD-Gated SOTA,256D,0.09859,-,-,-,-,6.17,624
284,★ STAIR DCD-Gated SOTA,256D,0.09865,-,-,-,-,6.36,624
285,★ STAIR DCD-Gated SOTA,256D,0.09837,0.0669,0.1008,0.0361,0.0447,6.53,624
286,★ STAIR DCD-Gated SOTA,256D,0.09827,-,-,-,-,6.62,624
287,★ STAIR DCD-Gated SOTA,256D,0.0985,-,-,-,-,6.19,624
288,★ STAIR DCD-Gated SOTA,256D,0.09802,-,-,-,-,6.15,624
289,★ STAIR DCD-Gated SOTA,256D,0.09803,-,-,-,-,6.16,624
290,★ STAIR DCD-Gated SOTA,256D,0.09819,0.0672,0.101,0.0363,0.0449,6.19,624
291,★ STAIR DCD-Gated SOTA,256D,0.09805,-,-,-,-,6.15,624
292,★ STAIR DCD-Gated SOTA,256D,0.09794,-,-,-,-,6.25,624
293,★ STAIR DCD-Gated SOTA,256D,0.09789,-,-,-,-,6.19,624
294,★ STAIR DCD-Gated SOTA,256D,0.09815,-,-,-,-,6.20,624
295,★ STAIR DCD-Gated SOTA,256D,0.09809,0.0676,0.1002,0.0363,0.0446,6.21,624
296,★ STAIR DCD-Gated SOTA,256D,0.09788,-,-,-,-,6.13,624
297,★ STAIR DCD-Gated SOTA,256D,0.09793,-,-,-,-,6.25,624
298,★ STAIR DCD-Gated SOTA,256D,0.09767,-,-,-,-,6.22,624
299,★ STAIR DCD-Gated SOTA,256D,0.09788,-,-,-,-,6.12,624
300,★ STAIR DCD-Gated SOTA,256D,0.09808,0.0673,0.1006,0.0362,0.0446,6.23,624
301,★ STAIR DCD-Gated SOTA,256D,0.09785,-,-,-,-,6.39,624
302,★ STAIR DCD-Gated SOTA,256D,0.09758,-,-,-,-,6.31,624
303,★ STAIR DCD-Gated SOTA,256D,0.0979,-,-,-,-,6.23,624
304,★ STAIR DCD-Gated SOTA,256D,0.09786,-,-,-,-,6.20,624
305,★ STAIR DCD-Gated SOTA,256D,0.09752,0.0668,0.1009,0.0361,0.0447,6.17,624
306,★ STAIR DCD-Gated SOTA,256D,0.09779,-,-,-,-,6.23,624
307,★ STAIR DCD-Gated SOTA,256D,0.09763,-,-,-,-,6.25,624
308,★ STAIR DCD-Gated SOTA,256D,0.09775,-,-,-,-,6.25,624
309,★ STAIR DCD-Gated SOTA,256D,0.09768,-,-,-,-,6.14,624
310,★ STAIR DCD-Gated SOTA,256D,0.09762,0.0672,0.1003,0.0365,0.0449,6.37,624
311,★ STAIR DCD-Gated SOTA,256D,0.09766,-,-,-,-,6.17,624
312,★ STAIR DCD-Gated SOTA,256D,0.0979,-,-,-,-,6.35,624
313,★ STAIR DCD-Gated SOTA,256D,0.09765,-,-,-,-,6.21,624
314,★ STAIR DCD-Gated SOTA,256D,0.09762,-,-,-,-,6.17,624
315,★ STAIR DCD-Gated SOTA,256D,0.09725,0.0672,0.1011,0.0363,0.045,6.26,624
316,★ STAIR DCD-Gated SOTA,256D,0.09744,-,-,-,-,6.20,624
317,★ STAIR DCD-Gated SOTA,256D,0.09753,-,-,-,-,6.24,624
318,★ STAIR DCD-Gated SOTA,256D,0.09766,-,-,-,-,6.38,624
319,★ STAIR DCD-Gated SOTA,256D,0.09725,-,-,-,-,6.57,624
320,★ STAIR DCD-Gated SOTA,256D,0.09749,0.0672,0.1003,0.0364,0.0448,6.72,624
321,★ STAIR DCD-Gated SOTA,256D,0.0975,-,-,-,-,6.27,624
322,★ STAIR DCD-Gated SOTA,256D,0.09722,-,-,-,-,6.28,624
323,★ STAIR DCD-Gated SOTA,256D,0.09726,-,-,-,-,6.17,624
324,★ STAIR DCD-Gated SOTA,256D,0.09768,-,-,-,-,6.17,624
325,★ STAIR DCD-Gated SOTA,256D,0.09724,0.0672,0.1013,0.0363,0.045,6.13,624
326,★ STAIR DCD-Gated SOTA,256D,0.09726,-,-,-,-,6.17,624
327,★ STAIR DCD-Gated SOTA,256D,0.09735,-,-,-,-,6.26,624
328,★ STAIR DCD-Gated SOTA,256D,0.09711,-,-,-,-,6.18,624
329,★ STAIR DCD-Gated SOTA,256D,0.09691,-,-,-,-,6.24,624
330,★ STAIR DCD-Gated SOTA,256D,0.09705,0.0671,0.1013,0.0362,0.0449,6.23,624
331,★ STAIR DCD-Gated SOTA,256D,0.09703,-,-,-,-,6.18,624
332,★ STAIR DCD-Gated SOTA,256D,0.09702,-,-,-,-,6.37,624
333,★ STAIR DCD-Gated SOTA,256D,0.09698,-,-,-,-,6.30,624
334,★ STAIR DCD-Gated SOTA,256D,0.09673,-,-,-,-,6.19,624
335,★ STAIR DCD-Gated SOTA,256D,0.09698,0.0674,0.1009,0.0363,0.0448,6.20,624
336,★ STAIR DCD-Gated SOTA,256D,0.09719,-,-,-,-,6.24,624
337,★ STAIR DCD-Gated SOTA,256D,0.09685,-,-,-,-,6.21,624
338,★ STAIR DCD-Gated SOTA,256D,0.09697,-,-,-,-,6.15,624
339,★ STAIR DCD-Gated SOTA,256D,0.0969,-,-,-,-,6.16,624
340,★ STAIR DCD-Gated SOTA,256D,0.09699,0.067,0.1005,0.0363,0.0448,6.16,624
341,★ STAIR DCD-Gated SOTA,256D,0.09714,-,-,-,-,6.17,624
342,★ STAIR DCD-Gated SOTA,256D,0.09703,-,-,-,-,6.27,624
343,★ STAIR DCD-Gated SOTA,256D,0.09682,-,-,-,-,6.16,624
344,★ STAIR DCD-Gated SOTA,256D,0.09697,-,-,-,-,6.16,624
345,★ STAIR DCD-Gated SOTA,256D,0.09677,0.0673,0.1006,0.0363,0.0448,6.10,624
346,★ STAIR DCD-Gated SOTA,256D,0.09701,-,-,-,-,6.16,624
347,★ STAIR DCD-Gated SOTA,256D,0.09689,-,-,-,-,6.25,624
348,★ STAIR DCD-Gated SOTA,256D,0.09696,-,-,-,-,6.16,624
349,★ STAIR DCD-Gated SOTA,256D,0.09686,-,-,-,-,6.24,624
350,★ STAIR DCD-Gated SOTA,256D,0.09659,0.0669,0.0997,0.0361,0.0445,6.18,624
351,★ STAIR DCD-Gated SOTA,256D,0.09677,-,-,-,-,6.17,624
352,★ STAIR DCD-Gated SOTA,256D,0.09675,-,-,-,-,6.71,624
353,★ STAIR DCD-Gated SOTA,256D,0.09701,-,-,-,-,6.38,624
354,★ STAIR DCD-Gated SOTA,256D,0.09658,-,-,-,-,6.21,624
355,★ STAIR DCD-Gated SOTA,256D,0.09671,0.067,0.0999,0.0361,0.0445,6.27,624
356,★ STAIR DCD-Gated SOTA,256D,0.09684,-,-,-,-,6.27,624
357,★ STAIR DCD-Gated SOTA,256D,0.09668,-,-,-,-,6.31,624
358,★ STAIR DCD-Gated SOTA,256D,0.09683,-,-,-,-,6.24,624
359,★ STAIR DCD-Gated SOTA,256D,0.0969,-,-,-,-,6.25,624
360,★ STAIR DCD-Gated SOTA,256D,0.0969,0.0671,0.1007,0.0362,0.0447,6.25,624
361,★ STAIR DCD-Gated SOTA,256D,0.09637,-,-,-,-,6.27,624
362,★ STAIR DCD-Gated SOTA,256D,0.09666,-,-,-,-,6.34,624
363,★ STAIR DCD-Gated SOTA,256D,0.09646,-,-,-,-,6.18,624
364,★ STAIR DCD-Gated SOTA,256D,0.09657,-,-,-,-,6.31,624
365,★ STAIR DCD-Gated SOTA,256D,0.09634,0.0668,0.1014,0.0361,0.0449,6.21,624
366,★ STAIR DCD-Gated SOTA,256D,0.09647,-,-,-,-,6.16,624
367,★ STAIR DCD-Gated SOTA,256D,0.09663,-,-,-,-,6.29,624
368,★ STAIR DCD-Gated SOTA,256D,0.09656,-,-,-,-,6.19,624
369,★ STAIR DCD-Gated SOTA,256D,0.0966,-,-,-,-,6.16,624
370,★ STAIR DCD-Gated SOTA,256D,0.09659,0.0679,0.1003,0.0365,0.0447,6.18,624
371,★ STAIR DCD-Gated SOTA,256D,0.09638,-,-,-,-,6.19,624
372,★ STAIR DCD-Gated SOTA,256D,0.09644,-,-,-,-,6.26,624
373,★ STAIR DCD-Gated SOTA,256D,0.09648,-,-,-,-,6.21,624
374,★ STAIR DCD-Gated SOTA,256D,0.09649,-,-,-,-,6.23,624
375,★ STAIR DCD-Gated SOTA,256D,0.0963,0.0674,0.1007,0.0364,0.0449,6.25,624
376,★ STAIR DCD-Gated SOTA,256D,0.09608,-,-,-,-,6.22,624
377,★ STAIR DCD-Gated SOTA,256D,0.09624,-,-,-,-,6.31,624
378,★ STAIR DCD-Gated SOTA,256D,0.09611,-,-,-,-,6.22,624
379,★ STAIR DCD-Gated SOTA,256D,0.09655,-,-,-,-,6.26,624
380,★ STAIR DCD-Gated SOTA,256D,0.09639,0.0672,0.1007,0.0363,0.0449,6.29,624
381,★ STAIR DCD-Gated SOTA,256D,0.09625,-,-,-,-,6.30,624
382,★ STAIR DCD-Gated SOTA,256D,0.09615,-,-,-,-,6.28,624
383,★ STAIR DCD-Gated SOTA,256D,0.0964,-,-,-,-,6.16,624
384,★ STAIR DCD-Gated SOTA,256D,0.09599,-,-,-,-,6.21,624
385,★ STAIR DCD-Gated SOTA,256D,0.09618,0.0671,0.101,0.0363,0.045,6.38,624
386,★ STAIR DCD-Gated SOTA,256D,0.09616,-,-,-,-,6.67,624
387,★ STAIR DCD-Gated SOTA,256D,0.09633,-,-,-,-,6.27,624
388,★ STAIR DCD-Gated SOTA,256D,0.09638,-,-,-,-,6.17,624
389,★ STAIR DCD-Gated SOTA,256D,0.09628,-,-,-,-,6.23,624
390,★ STAIR DCD-Gated SOTA,256D,0.09607,0.0672,0.1004,0.0364,0.0448,6.19,624
391,★ STAIR DCD-Gated SOTA,256D,0.09607,-,-,-,-,6.18,624
392,★ STAIR DCD-Gated SOTA,256D,0.09622,-,-,-,-,6.34,624
393,★ STAIR DCD-Gated SOTA,256D,0.09617,-,-,-,-,6.18,624
394,★ STAIR DCD-Gated SOTA,256D,0.09632,-,-,-,-,6.16,624
395,★ STAIR DCD-Gated SOTA,256D,0.09615,0.0671,0.1006,0.0364,0.0449,6.18,624
396,★ STAIR DCD-Gated SOTA,256D,0.09609,-,-,-,-,6.16,624
397,★ STAIR DCD-Gated SOTA,256D,0.09638,-,-,-,-,6.24,624
398,★ STAIR DCD-Gated SOTA,256D,0.09637,-,-,-,-,6.15,624
399,★ STAIR DCD-Gated SOTA,256D,0.09632,-,-,-,-,6.23,624
400,★ STAIR DCD-Gated SOTA,256D,0.09589,0.0673,0.1006,0.0364,0.0448,6.14,624
401,★ STAIR DCD-Gated SOTA,256D,0.09623,-,-,-,-,6.18,624
402,★ STAIR DCD-Gated SOTA,256D,0.09588,-,-,-,-,6.25,624
403,★ STAIR DCD-Gated SOTA,256D,0.09593,-,-,-,-,6.20,624
404,★ STAIR DCD-Gated SOTA,256D,0.09609,-,-,-,-,6.23,624
405,★ STAIR DCD-Gated SOTA,256D,0.09596,0.0674,0.1003,0.0364,0.0447,6.18,624
406,★ STAIR DCD-Gated SOTA,256D,0.09583,-,-,-,-,6.23,624
407,★ STAIR DCD-Gated SOTA,256D,0.09591,-,-,-,-,6.24,624
408,★ STAIR DCD-Gated SOTA,256D,0.09579,-,-,-,-,6.11,624
409,★ STAIR DCD-Gated SOTA,256D,0.09592,-,-,-,-,6.16,624
410,★ STAIR DCD-Gated SOTA,256D,0.09617,0.0677,0.1004,0.0364,0.0447,6.22,624
411,★ STAIR DCD-Gated SOTA,256D,0.09613,-,-,-,-,6.18,624
412,★ STAIR DCD-Gated SOTA,256D,0.09584,-,-,-,-,6.28,624
413,★ STAIR DCD-Gated SOTA,256D,0.09591,-,-,-,-,6.19,624
414,★ STAIR DCD-Gated SOTA,256D,0.09586,-,-,-,-,6.22,624
415,★ STAIR DCD-Gated SOTA,256D,0.09628,0.0673,0.1006,0.0363,0.0447,6.20,624
416,★ STAIR DCD-Gated SOTA,256D,0.09622,-,-,-,-,6.19,624
417,★ STAIR DCD-Gated SOTA,256D,0.09609,-,-,-,-,6.28,624
418,★ STAIR DCD-Gated SOTA,256D,0.09571,-,-,-,-,6.16,624
419,★ STAIR DCD-Gated SOTA,256D,0.09598,-,-,-,-,6.69,624
420,★ STAIR DCD-Gated SOTA,256D,0.09613,0.0674,0.1007,0.0364,0.0448,6.35,624
421,★ STAIR DCD-Gated SOTA,256D,0.09592,-,-,-,-,6.18,624
422,★ STAIR DCD-Gated SOTA,256D,0.09618,-,-,-,-,6.24,624
423,★ STAIR DCD-Gated SOTA,256D,0.09571,-,-,-,-,6.17,624
424,★ STAIR DCD-Gated SOTA,256D,0.09577,-,-,-,-,6.21,624
425,★ STAIR DCD-Gated SOTA,256D,0.09579,0.0673,0.1009,0.0363,0.0449,6.18,624
426,★ STAIR DCD-Gated SOTA,256D,0.09609,-,-,-,-,6.20,624
427,★ STAIR DCD-Gated SOTA,256D,0.09598,-,-,-,-,6.40,624
428,★ STAIR DCD-Gated SOTA,256D,0.09599,-,-,-,-,6.25,624
429,★ STAIR DCD-Gated SOTA,256D,0.09595,-,-,-,-,6.18,624
430,★ STAIR DCD-Gated SOTA,256D,0.09591,0.067,0.1007,0.0362,0.0448,6.20,624
431,★ STAIR DCD-Gated SOTA,256D,0.0959,-,-,-,-,6.17,624
432,★ STAIR DCD-Gated SOTA,256D,0.09599,-,-,-,-,6.20,624
433,★ STAIR DCD-Gated SOTA,256D,0.09547,-,-,-,-,6.18,624
434,★ STAIR DCD-Gated SOTA,256D,0.09579,-,-,-,-,6.19,624
435,★ STAIR DCD-Gated SOTA,256D,0.09574,0.067,0.1008,0.0363,0.0449,6.12,624
436,★ STAIR DCD-Gated SOTA,256D,0.09581,-,-,-,-,6.16,624
437,★ STAIR DCD-Gated SOTA,256D,0.09559,-,-,-,-,6.23,624
438,★ STAIR DCD-Gated SOTA,256D,0.09599,-,-,-,-,6.18,624
439,★ STAIR DCD-Gated SOTA,256D,0.09565,-,-,-,-,6.19,624
440,★ STAIR DCD-Gated SOTA,256D,0.09579,0.0669,0.1009,0.0363,0.0449,6.15,624
441,★ STAIR DCD-Gated SOTA,256D,0.09602,-,-,-,-,6.18,624
442,★ STAIR DCD-Gated SOTA,256D,0.09562,-,-,-,-,6.29,624
443,★ STAIR DCD-Gated SOTA,256D,0.09552,-,-,-,-,6.16,624
444,★ STAIR DCD-Gated SOTA,256D,0.09563,-,-,-,-,6.20,624
445,★ STAIR DCD-Gated SOTA,256D,0.09581,0.0669,0.1007,0.0363,0.0449,6.17,624
446,★ STAIR DCD-Gated SOTA,256D,0.09578,-,-,-,-,6.15,624
447,★ STAIR DCD-Gated SOTA,256D,0.09541,-,-,-,-,6.21,624
448,★ STAIR DCD-Gated SOTA,256D,0.09582,-,-,-,-,6.25,624
449,★ STAIR DCD-Gated SOTA,256D,0.09569,-,-,-,-,6.12,624
450,★ STAIR DCD-Gated SOTA,256D,0.09558,0.067,0.1007,0.0363,0.0448,6.16,624
451,★ STAIR DCD-Gated SOTA,256D,0.09575,-,-,-,-,6.19,624
452,★ STAIR DCD-Gated SOTA,256D,0.09568,-,-,-,-,6.31,624
453,★ STAIR DCD-Gated SOTA,256D,0.0957,-,-,-,-,7.08,624
454,★ STAIR DCD-Gated SOTA,256D,0.09586,-,-,-,-,6.20,624
455,★ STAIR DCD-Gated SOTA,256D,0.09572,0.067,0.1008,0.0363,0.0449,6.19,624
456,★ STAIR DCD-Gated SOTA,256D,0.09558,-,-,-,-,6.23,624
457,★ STAIR DCD-Gated SOTA,256D,0.0956,-,-,-,-,6.26,624
458,★ STAIR DCD-Gated SOTA,256D,0.09578,-,-,-,-,6.19,624
459,★ STAIR DCD-Gated SOTA,256D,0.09569,-,-,-,-,6.19,624
460,★ STAIR DCD-Gated SOTA,256D,0.0955,0.067,0.1006,0.0363,0.0449,6.18,624
461,★ STAIR DCD-Gated SOTA,256D,0.09561,-,-,-,-,6.23,624
462,★ STAIR DCD-Gated SOTA,256D,0.09566,-,-,-,-,6.26,624
463,★ STAIR DCD-Gated SOTA,256D,0.09556,-,-,-,-,6.15,624
464,★ STAIR DCD-Gated SOTA,256D,0.09568,-,-,-,-,6.14,624
465,★ STAIR DCD-Gated SOTA,256D,0.09591,0.0671,0.1009,0.0364,0.045,6.19,624
466,★ STAIR DCD-Gated SOTA,256D,0.09549,-,-,-,-,6.21,624
467,★ STAIR DCD-Gated SOTA,256D,0.09591,-,-,-,-,6.28,624
468,★ STAIR DCD-Gated SOTA,256D,0.0955,-,-,-,-,6.18,624
469,★ STAIR DCD-Gated SOTA,256D,0.09562,-,-,-,-,6.20,624
470,★ STAIR DCD-Gated SOTA,256D,0.09551,0.0671,0.1008,0.0364,0.045,6.17,624
471,★ STAIR DCD-Gated SOTA,256D,0.09555,-,-,-,-,6.21,624
472,★ STAIR DCD-Gated SOTA,256D,0.09568,-,-,-,-,6.27,624
473,★ STAIR DCD-Gated SOTA,256D,0.09552,-,-,-,-,6.21,624
474,★ STAIR DCD-Gated SOTA,256D,0.09545,-,-,-,-,6.29,624
475,★ STAIR DCD-Gated SOTA,256D,0.09533,0.0672,0.1009,0.0364,0.045,6.34,624
476,★ STAIR DCD-Gated SOTA,256D,0.0958,-,-,-,-,6.18,624
477,★ STAIR DCD-Gated SOTA,256D,0.09555,-,-,-,-,6.23,624
478,★ STAIR DCD-Gated SOTA,256D,0.0955,-,-,-,-,6.15,624
479,★ STAIR DCD-Gated SOTA,256D,0.09576,-,-,-,-,6.19,624
480,★ STAIR DCD-Gated SOTA,256D,0.09532,0.0672,0.1009,0.0364,0.045,6.19,624
481,★ STAIR DCD-Gated SOTA,256D,0.09555,-,-,-,-,6.16,624
482,★ STAIR DCD-Gated SOTA,256D,0.09583,-,-,-,-,6.27,624
483,★ STAIR DCD-Gated SOTA,256D,0.09563,-,-,-,-,6.18,624
484,★ STAIR DCD-Gated SOTA,256D,0.09551,-,-,-,-,6.20,624
485,★ STAIR DCD-Gated SOTA,256D,0.09561,0.0671,0.1008,0.0364,0.045,6.23,624
486,★ STAIR DCD-Gated SOTA,256D,0.09536,-,-,-,-,6.66,624
487,★ STAIR DCD-Gated SOTA,256D,0.09587,-,-,-,-,6.74,624
488,★ STAIR DCD-Gated SOTA,256D,0.09563,-,-,-,-,6.22,624
489,★ STAIR DCD-Gated SOTA,256D,0.09558,-,-,-,-,6.26,624
490,★ STAIR DCD-Gated SOTA,256D,0.09569,0.0671,0.1008,0.0364,0.045,6.18,624
491,★ STAIR DCD-Gated SOTA,256D,0.09587,-,-,-,-,6.15,624
492,★ STAIR DCD-Gated SOTA,256D,0.09561,-,-,-,-,6.20,624
493,★ STAIR DCD-Gated SOTA,256D,0.09556,-,-,-,-,6.16,624
494,★ STAIR DCD-Gated SOTA,256D,0.09564,-,-,-,-,6.15,624
495,★ STAIR DCD-Gated SOTA,256D,0.09553,0.0671,0.1009,0.0364,0.045,6.15,624
496,★ STAIR DCD-Gated SOTA,256D,0.09586,-,-,-,-,6.19,624
497,★ STAIR DCD-Gated SOTA,256D,0.09556,-,-,-,-,6.23,624
498,★ STAIR DCD-Gated SOTA,256D,0.09559,-,-,-,-,6.20,624
499,★ STAIR DCD-Gated SOTA,256D,0.09549,-,-,-,-,6.20,624
500,★ STAIR DCD-Gated SOTA,256D,0.09556,0.0671,0.1009,0.0364,0.045,6.22,624
